,application_mode,application_order,course,daytime_evening_attendance,mother_s_occupation,father_s_occupation
0,17,5,171,1,5,9
1,15,1,9254,1,3,3
2,1,5,9070,1,9,9
3,17,2,9773,1,5,3
4,39,1,8014,0,9,9
5,39,1,9991,0,9,7
6,1,1,9500,1,7,10
7,18,4,9254,1,9,9
8,1,3,9238,1,9,9
9,1,1,9238,1,4,7
10,1,1,9670,1,5,7
11,1,1,9500,1,9,9
12,1,2,9853,1,4,9
13,53,1,9254,1,4,7
14,1,1,9085,1,5,5
15,1,1,9773,1,9,3
16,18,1,9238,1,5,8
17,17,2,9500,1,5,4
18,1,1,9130,1,3,5
19,1,1,9853,1,7,7
20,1,3,171,1,9,8
21,18,4,9556,1,4,7
22,1,4,9500,1,1,1
23,1,4,9670,1,4,7
24,1,1,9500,1,3,7
25,1,1,9238,1,9,9
26,17,2,9238,1,7,8
27,1,1,9085,1,3,3
28,1,1,9147,1,9,9
29,17,2,9500,1,1,10
30,44,1,9003,1,4,2
31,51,1,9070,1,125,124
32,1,1,9147,1,4,6
33,18,1,8014,0,9,5
34,1,1,9991,0,3,9
35,39,1,33,1,9,6
36,39,1,9119,1,0,0
37,43,1,9147,1,6,6
38,39,1,9991,0,9,3
39,44,1,9130,1,3,6
40,1,5,9773,1,2,2
41,1,2,9147,1,2,7
42,1,6,9500,1,2,2
43,17,1,9773,1,5,5
44,39,1,9991,0,9,9
45,17,1,9991,0,4,5
46,17,2,9238,1,9,9
47,17,6,9500,1,7,7
48,44,1,8014,0,9,9
49,1,1,9238,1,9,9
50,39,1,9254,1,9,7
51,1,1,9500,1,6,6
52,1,1,9773,1,7,7
53,1,3,9130,1,90,90
54,39,1,9991,0,9,9
55,1,1,9500,1,5,5
56,7,1,9254,1,4,3
57,39,1,9130,1,2,2
58,17,1,9500,1,7,10
59,1,3,171,1,4,9
60,1,2,9500,1,9,9
61,44,1,9238,1,9,9
62,17,3,171,1,4,7
63,17,1,9070,1,3,4
64,43,1,9070,1,3,3
65,42,1,9500,1,5,5
66,1,3,171,1,5,3
67,44,1,9003,1,9,9
68,1,3,9147,1,7,7
69,39,1,9254,1,7,10
70,17,1,9147,1,5,5
71,17,1,9500,1,8,4
72,1,1,171,1,5,10
73,17,4,9254,1,5,7
74,1,2,9773,1,9,9
75,17,3,9147,1,4,7
76,18,4,9254,1,7,7
77,17,4,9773,1,9,8
78,17,4,9500,1,9,9
79,39,1,8014,0,9,6
80,1,6,9853,1,9,9
81,39,1,9991,0,2,2
82,39,1,9003,1,4,2
83,17,1,9254,1,4,4
84,39,1,8014,0,9,6
85,42,1,9500,1,9,7
86,39,1,9670,1,4,5
87,17,1,9070,1,4,0
88,1,6,9147,1,9,9
89,43,2,9119,1,9,6
90,39,1,9500,1,4,10
91,17,2,9773,1,9,9
92,15,1,9130,1,4,4
93,39,1,9853,1,0,0
94,39,1,8014,0,9,9
95,15,1,9119,1,9,2
96,1,5,9773,1,5,5
97,1,5,9500,1,7,7
98,1,1,9085,1,9,1
99,1,4,9500,1,2,2
100,53,1,9085,1,9,9
101,1,4,171,1,9,10
102,39,1,8014,0,6,5
103,39,1,9003,1,9,6
104,18,1,9853,1,9,7
105,51,1,9070,1,2,8
106,1,2,9238,1,4,7
107,1,1,9085,1,4,4
108,1,5,9500,1,4,3
109,17,2,9853,1,9,3
110,1,1,9238,1,6,7
111,17,2,9147,1,4,7
112,1,1,9085,1,9,9
113,1,3,9773,1,4,7
114,17,2,9500,1,9,9
115,43,1,9500,1,9,5
116,17,1,9238,1,9,7
117,17,1,9147,1,3,3
118,1,2,9085,1,9,7
119,1,1,9147,1,4,5
120,17,1,9254,1,4,5
121,1,2,9147,1,9,7
122,1,1,171,1,2,9
123,1,1,9670,1,9,9
124,1,1,9085,1,4,7
125,17,6,9556,1,4,5
126,44,1,9085,1,9,9
127,1,1,9853,1,9,3
128,17,3,9238,1,5,3
129,17,6,9500,1,8,9
130,1,3,9500,1,5,8
131,17,2,9070,1,9,9
132,1,4,9147,1,4,8
133,17,6,9500,1,3,3
134,43,1,9238,1,9,7
135,1,1,9670,1,3,9
136,17,1,9670,1,5,5
137,1,1,9773,1,141,175
138,1,2,9500,1,4,7
139,18,1,9500,1,4,8
140,1,5,9500,1,9,9
141,1,6,9773,1,4,4
142,51,1,9147,1,3,3
143,1,3,9238,1,9,10
144,1,3,9500,1,9,7
145,17,5,9853,1,5,6
146,1,4,9254,1,9,9
147,17,1,9254,1,9,10
148,1,1,9147,1,2,10
149,1,1,9500,1,9,9
150,1,1,171,1,2,8
151,1,1,9085,1,4,7
152,17,1,9853,1,7,6
153,1,1,9853,1,9,9
154,43,1,9853,1,2,5
155,1,1,9853,1,6,6
156,1,1,9147,1,9,9
157,17,2,9238,1,7,9
158,1,3,9238,1,9,10
159,39,1,8014,0,6,8
160,1,1,9670,1,4,1
161,1,1,9500,1,9,7
162,1,2,9500,1,9,9
163,17,5,9853,1,4,4
164,17,2,9670,1,5,4
165,17,1,9773,1,7,7
166,39,1,9003,1,6,6
167,17,3,9238,1,7,8
168,39,1,9500,1,1,1
169,43,1,9238,1,4,8
170,39,1,9085,1,9,7
171,17,2,9556,1,3,10
172,17,1,9500,1,4,5
173,42,1,8014,0,4,6
174,17,2,9254,1,9,8
175,1,1,9670,1,9,9
176,39,1,9853,1,9,5
177,1,2,9500,1,90,90
178,1,5,9853,1,9,5
179,7,1,9500,1,9,5
180,43,1,9853,1,3,3
181,44,1,9991,0,9,8
182,39,1,9773,1,3,4
183,18,3,9070,1,5,5
184,17,2,9254,1,4,6
185,18,2,9147,1,5,7
186,43,1,9238,1,5,9
187,17,3,9500,1,9,4
188,39,1,9085,1,9,9
189,17,4,9070,1,4,1
190,1,1,9254,1,9,8
191,1,1,8014,0,7,3
192,39,1,9147,1,4,3
193,51,1,9853,1,4,10
194,1,4,9500,1,9,8
195,39,1,9991,0,3,4
196,18,6,9500,1,5,5
197,7,1,9119,1,2,2
198,1,1,9853,1,3,8
199,39,1,9500,1,175,121
200,1,1,9085,1,4,7
201,1,4,9238,1,4,0
202,1,4,9500,1,7,7
203,44,1,9238,1,5,10
204,17,2,9238,1,9,8
205,1,1,9238,1,0,0
206,1,2,9500,1,9,9
207,1,4,9773,1,1,4
208,1,1,9085,1,8,7
209,39,1,9254,1,2,3
210,1,2,9500,1,7,4
211,1,1,9500,1,9,9
212,43,1,9130,1,9,2
213,39,1,9991,0,9,9
214,43,1,9773,1,4,5
215,39,1,9556,1,4,5
216,18,1,9147,1,5,5
217,39,1,8014,0,8,7
218,39,1,8014,0,5,4
219,17,1,9085,1,1,3
220,1,1,9147,1,7,7
221,1,4,9853,1,5,7
222,1,3,9254,1,3,3
223,51,1,9500,1,5,9
224,18,1,9500,1,4,5
225,7,1,9991,0,3,3
226,7,1,9147,1,3,10
227,1,1,9238,1,9,9
228,39,2,9670,1,0,0
229,43,1,9500,1,5,8
230,1,2,9254,1,4,5
231,39,1,9254,1,4,6
232,1,2,9670,1,4,3
233,1,1,9254,1,9,9
234,1,1,9147,1,9,10
235,1,1,9238,1,9,9
236,1,1,9853,1,5,7
237,17,2,9238,1,3,9
238,1,1,9130,1,9,9
239,39,1,9085,1,9,7
240,1,3,9500,1,4,4
241,16,1,171,1,3,3
242,1,2,9147,1,5,5
243,39,1,9147,1,9,1
244,1,1,9147,1,9,10
245,7,1,9500,1,5,3
246,17,3,9500,1,7,6
247,44,1,9003,1,9,10
248,1,3,9254,1,4,7
249,1,1,9670,1,9,8
250,1,3,9070,1,9,9
251,1,3,9773,1,7,7
252,1,1,9085,1,90,6
253,1,1,9773,1,9,8
254,17,1,9147,1,4,4
255,39,1,9556,1,7,7
256,17,1,9991,0,6,6
257,17,3,9070,1,9,9
258,1,1,9238,1,9,8
259,43,1,9238,1,3,1
260,1,1,9254,1,9,7
261,39,1,8014,0,99,99
262,43,1,9119,1,9,9
263,1,1,9238,1,4,4
264,1,1,9238,1,9,5
265,1,2,9773,1,1,3
266,17,4,9500,1,2,3
267,1,2,9773,1,9,9
268,1,1,9070,1,9,9
269,1,5,9500,1,9,9
270,44,1,9003,1,4,8
271,1,2,9147,1,9,9
272,17,1,9147,1,4,8
273,1,1,9500,1,2,5
274,1,1,9238,1,4,5
275,17,3,9500,1,4,10
276,42,1,9853,1,3,3
277,7,1,9130,1,2,0
278,1,1,9500,1,5,6
279,1,1,9500,1,5,5
280,16,2,9147,1,9,9
281,1,1,8014,0,4,10
282,51,1,9991,0,8,4
283,1,1,9070,1,7,5
284,1,1,8014,0,0,0
285,39,1,9773,1,4,4
286,17,1,9070,1,2,9
287,39,1,8014,0,90,2
288,18,2,8014,0,3,4
289,39,1,9500,1,1,1
290,17,4,9085,1,4,10
291,44,1,9003,1,6,6
292,44,1,9003,1,9,4
293,17,4,9238,1,191,144
294,1,1,9070,1,3,6
295,1,1,9500,1,2,4
296,17,2,9773,1,9,8
297,1,1,9238,1,3,3
298,17,4,9556,1,4,10
299,1,1,9500,1,5,7
300,17,4,9670,1,9,7
301,1,2,9085,1,9,9
302,1,1,9500,1,4,9
303,51,1,9670,1,5,5
304,17,2,9238,1,4,3
305,1,1,9670,1,4,10
306,17,4,9670,1,5,5
307,39,1,9130,1,90,90
308,1,3,9085,1,90,90
309,44,1,9130,1,7,8
310,51,1,9238,1,2,1
311,17,1,9853,1,0,0
312,17,2,9147,1,4,8
313,17,4,9853,1,5,7
314,51,1,9147,1,4,4
315,1,1,9147,1,4,3
316,1,1,9500,1,3,6
317,1,1,9500,1,3,5
318,1,1,9238,1,5,9
319,17,1,9500,1,7,7
320,7,1,9085,1,9,5
321,42,1,9500,1,7,9
322,1,1,9500,1,5,1
323,43,4,9147,1,9,9
324,5,3,9085,1,7,5
325,1,1,9254,1,5,8
326,43,1,9500,1,9,9
327,1,1,9238,1,9,6
328,1,1,9853,1,4,4
329,1,1,9085,1,9,5
330,1,1,9853,1,9,6
331,44,1,9119,1,4,7
332,1,1,9238,1,7,7
333,1,1,8014,0,9,10
334,1,1,9238,1,4,9
335,44,1,9238,1,7,7
336,7,1,9853,1,2,1
337,1,4,9500,1,7,7
338,17,1,9238,1,9,10
339,17,1,9130,1,3,5
340,1,1,9085,1,3,1
341,1,1,171,1,2,2
342,39,1,8014,0,9,9
343,39,1,9003,1,1,2
344,42,1,9147,1,9,1
345,1,1,9773,1,7,5
346,43,1,9238,1,9,9
347,39,1,9991,0,6,6
348,39,1,9238,1,9,9
349,1,2,8014,0,3,9
350,1,1,9254,1,9,9
351,43,1,9773,1,9,8
352,1,4,171,1,9,5
353,1,1,9500,1,9,7
354,1,1,9254,1,4,6
355,17,1,9085,1,4,5
356,39,1,9500,1,9,9
357,39,1,9991,0,90,8
358,39,1,9003,1,3,8
359,39,1,9085,1,2,3
360,17,4,9853,1,4,1
361,1,1,9773,1,9,7
362,17,4,9147,1,9,10
363,53,1,9085,1,9,8
364,1,4,9500,1,9,1
365,1,1,9085,1,7,5
366,1,4,9500,1,4,8
367,17,1,9085,1,2,7
368,1,1,9853,1,191,195
369,1,6,9500,1,9,5
370,43,1,8014,0,9,4
371,39,1,9991,0,9,7
372,17,1,9773,1,4,7
373,39,1,9991,0,141,192
374,39,1,9085,1,4,7
375,51,1,8014,0,9,9
376,18,4,9147,1,9,9
377,1,1,9500,1,4,4
378,17,1,9853,1,3,3
379,44,1,9085,1,5,6
380,39,1,9500,1,5,7
381,43,1,9500,1,8,8
382,1,1,9238,1,5,7
383,1,1,9853,1,5,5
384,53,1,9147,1,2,1
385,1,1,9238,1,0,0
386,1,1,9853,1,9,9
387,39,1,9991,0,9,9
388,17,1,9853,1,4,5
389,44,1,8014,0,7,7
390,44,1,9085,1,4,5
391,39,1,9500,1,5,3
392,1,6,9773,1,7,7
393,17,2,9085,1,9,10
394,17,2,9085,1,4,3
395,1,4,9500,1,4,9
396,51,1,9238,1,3,10
397,44,1,9085,1,4,6
398,17,1,9670,1,5,8
399,17,1,9147,1,6,4
400,17,4,9070,1,3,3
401,17,1,9254,1,7,7
402,1,1,9773,1,9,9
403,1,1,9254,1,9,9
404,17,1,9500,1,5,5
405,1,1,171,1,3,9
406,7,1,9070,1,3,9
407,39,1,9991,0,9,9
408,17,1,9238,1,4,4
409,39,1,9085,1,0,0
410,1,2,9500,1,7,7
411,39,1,9500,1,4,8
412,1,3,9500,1,4,10
413,7,1,9991,0,6,6
414,1,1,9238,1,9,7
415,1,1,9085,1,90,90
416,1,1,9085,1,9,9
417,1,1,9853,1,9,9
418,1,4,9500,1,9,9
419,1,4,9500,1,4,5
420,1,1,9500,1,2,8
421,42,1,9991,0,4,3
422,44,1,9085,1,4,6
423,1,6,9500,1,3,3
424,17,6,9556,1,5,3
425,1,1,9500,1,9,3
426,1,4,9670,1,3,7
427,17,1,9147,1,9,2
428,1,2,9085,1,4,4
429,17,1,9670,1,4,10
430,1,3,9500,1,9,9
431,39,1,8014,0,7,8
432,17,2,9147,1,6,8
433,1,1,9500,1,90,3
434,1,1,9773,1,4,8
435,1,6,9500,1,5,5
436,17,1,9254,1,5,5
437,1,1,9670,1,4,5
438,1,5,9670,1,2,4
439,39,1,9500,1,9,9
440,43,1,9556,1,3,2
441,43,1,9130,1,4,5
442,17,6,9500,1,9,3
443,1,5,9500,1,7,8
444,17,1,9670,1,1,1
445,1,1,9238,1,9,3
446,1,1,9500,1,2,1
447,1,2,9500,1,7,7
448,1,2,9773,1,9,7
449,1,3,9254,1,3,10
450,18,1,9500,1,5,5
451,1,4,9500,1,9,8
452,1,2,9500,1,7,5
453,17,4,9085,1,4,7
454,1,3,9147,1,9,7
455,39,1,8014,0,99,99
456,7,1,9003,1,5,6
457,43,1,9853,1,9,8
458,39,1,9003,1,4,9
459,17,1,9773,1,5,7
460,1,1,9130,1,3,2
461,51,1,9070,1,5,7
462,17,1,9238,1,2,3
463,39,1,9147,1,3,5
464,17,1,9238,1,4,9
465,43,1,8014,0,2,3
466,1,1,9853,1,5,10
467,43,6,9238,1,0,0
468,1,5,9500,1,4,8
469,17,1,9238,1,4,9
470,17,3,9500,1,9,9
471,1,1,9254,1,9,7
472,1,1,9670,1,7,10
473,1,2,9500,1,9,9
474,39,1,9254,1,0,0
475,1,1,9670,1,3,5
476,1,2,9556,1,9,9
477,7,1,9500,1,0,0
478,1,1,9500,1,3,3
479,17,1,9238,1,191,175
480,1,1,9500,1,4,4
481,18,6,9500,1,1,1
482,1,3,9500,1,2,5
483,44,1,9085,1,9,7
484,1,3,9500,1,9,5
485,17,1,9853,1,7,9
486,43,2,9670,1,4,3
487,39,1,9670,1,5,4
488,17,3,9500,1,9,7
489,1,3,9500,1,5,5
490,1,1,9070,1,3,8
491,1,1,9670,1,5,5
492,1,6,9500,1,3,2
493,1,1,9085,1,9,4
494,1,1,9853,1,2,5
495,7,3,9130,1,90,5
496,39,1,9556,1,9,9
497,17,1,9254,1,4,3
498,17,1,9070,1,9,7
499,17,1,9500,1,7,7
500,17,3,9085,1,9,9
501,17,2,9254,1,9,9
502,1,1,9070,1,4,4
503,7,2,9085,1,1,1
504,1,2,9500,1,7,7
505,39,1,9500,1,151,161
506,39,1,33,1,2,4
507,1,2,9773,1,9,3
508,1,1,9130,1,2,2
509,1,2,9147,1,4,6
510,1,2,9070,1,2,3
511,39,1,8014,0,99,99
512,39,2,9670,1,0,0
513,39,1,9991,0,9,2
514,18,2,8014,0,9,10
515,18,2,9238,1,9,10
516,39,1,9003,1,9,4
517,17,2,9853,1,9,4
518,39,1,8014,0,0,0
519,17,2,9853,1,9,9
520,1,6,9500,1,5,5
521,17,1,9130,1,2,9
522,15,1,9238,1,2,8
523,18,3,9085,1,9,9
524,1,1,9556,1,1,1
525,43,1,9119,1,9,3
526,39,1,9119,1,5,3
527,39,1,171,1,2,10
528,39,1,9147,1,9,9
529,1,1,9130,1,2,2
530,17,1,9147,1,4,7
531,17,1,9670,1,9,8
532,1,2,9500,1,2,3
533,44,1,9070,1,4,7
534,44,1,171,1,2,2
535,43,1,9991,0,4,4
536,39,1,9119,1,4,4
537,17,1,9254,1,4,4
538,44,1,9003,1,3,9
539,18,3,9773,1,9,9
540,39,1,9500,1,5,5
541,1,1,9147,1,5,7
542,44,1,9003,1,4,10
543,1,1,9500,1,5,3
544,17,2,9119,1,9,10
545,1,2,9147,1,5,10
546,39,1,9119,1,5,10
547,1,1,9670,1,5,6
548,1,1,9500,1,9,9
549,17,2,9147,1,9,7
550,1,5,9119,1,4,5
551,39,1,9773,1,7,9
552,43,1,9070,1,1,10
553,17,3,9119,1,3,2
554,17,2,9147,1,4,4
555,44,1,9003,1,2,2
556,17,1,9147,1,7,4
557,1,1,171,1,9,9
558,44,1,9254,1,194,193
559,42,1,9500,1,9,10
560,53,1,9003,1,141,151
561,1,1,9130,1,3,3
562,39,1,9991,0,4,10
563,1,1,9130,1,9,9
564,1,6,9070,1,9,9
565,39,1,9670,1,3,9
566,39,1,9003,1,2,4
567,17,4,9119,1,0,5
568,17,1,9085,1,8,8
569,39,1,9003,1,2,2
570,1,1,8014,0,9,9
571,1,1,9147,1,9,9
572,17,6,9119,1,5,10
573,1,6,9147,1,4,5
574,43,4,171,1,9,10
575,39,1,9085,1,4,4
576,1,2,9500,1,9,9
577,39,2,9991,0,9,8
578,1,1,9238,1,5,5
579,1,4,9070,1,9,8
580,39,1,8014,0,0,1
581,17,5,9500,1,5,5
582,17,1,9670,1,8,7
583,1,1,9147,1,9,8
584,17,1,9254,1,7,7
585,1,1,9147,1,3,3
586,17,1,9085,1,90,90
587,17,1,9773,1,9,8
588,1,3,9254,1,9,3
589,1,4,9556,1,5,4
590,1,2,9670,1,9,3
591,1,1,9500,1,2,8
592,44,1,9670,1,9,4
593,17,1,9670,1,4,8
594,17,1,9003,1,4,6
595,39,1,9991,0,9,9
596,17,1,9853,1,7,0
597,39,1,9853,1,9,10
598,17,1,9670,1,7,4
599,17,1,9003,1,9,9
600,7,1,9130,1,9,9
601,17,5,9070,1,5,7
602,7,1,9500,1,9,4
603,39,1,8014,0,4,4
604,1,1,9500,1,3,8
605,1,3,171,1,6,6
606,17,1,9130,1,3,2
607,1,6,9500,1,7,7
608,17,1,9085,1,194,193
609,43,3,9500,1,6,5
610,1,2,9853,1,191,182
611,1,1,8014,0,4,7
612,1,1,9070,1,1,1
613,17,3,9147,1,5,7
614,1,1,9500,1,9,9
615,1,6,9500,1,9,9
616,17,2,9238,1,7,8
617,17,1,9500,1,9,8
618,17,2,9500,1,4,7
619,44,1,9085,1,2,3
620,1,1,9773,1,4,5
621,17,2,9147,1,4,3
622,17,5,9853,1,9,7
623,17,1,9500,1,7,5
624,17,4,9070,1,9,9
625,1,1,9853,1,9,8
626,44,1,8014,0,6,6
627,1,3,9500,1,9,7
628,17,2,9773,1,5,6
629,1,1,9773,1,9,9
630,39,1,9500,1,9,9
631,1,2,9853,1,4,9
632,1,1,9500,1,5,7
633,39,1,9556,1,191,193
634,1,1,9670,1,9,7
635,17,5,9238,1,7,5
636,1,5,9500,1,9,9
637,39,1,9991,0,9,4
638,17,3,9238,1,4,5
639,18,1,9773,1,3,3
640,39,1,9670,1,9,0
641,1,6,9147,1,9,9
642,1,1,9147,1,4,9
643,1,3,9500,1,7,7
644,1,2,9773,1,7,7
645,1,1,9147,1,9,9
646,1,1,9238,1,3,5
647,39,1,9991,0,9,7
648,43,2,9556,1,4,3
649,1,1,9670,1,5,1
650,17,1,9238,1,5,0
651,53,1,9085,1,5,5
652,39,1,9500,1,4,3
653,44,1,9238,1,6,9
654,1,1,9773,1,3,5
655,1,4,9238,1,9,6
656,1,1,9238,1,5,10
657,51,1,8014,0,5,7
658,43,1,9070,1,5,10
659,39,1,9003,1,9,9
660,44,1,9003,1,4,2
661,1,1,9500,1,194,193
662,17,4,9773,1,4,1
663,1,3,9670,1,0,0
664,17,3,9500,1,9,7
665,1,1,9085,1,6,6
666,17,2,9773,1,5,5
667,51,1,9238,1,5,7
668,17,5,9500,1,4,8
669,42,1,9500,1,5,7
670,1,1,9238,1,9,9
671,42,1,8014,0,90,7
672,1,4,9500,1,9,7
673,1,2,9070,1,3,3
674,1,1,9254,1,5,8
675,17,1,9853,1,9,9
676,17,4,9070,1,5,7
677,1,1,9853,1,7,7
678,39,1,9773,1,0,0
679,1,1,171,1,2,5
680,17,2,9254,1,9,9
681,44,1,9238,1,4,6
682,18,4,9085,1,4,5
683,39,1,9238,1,9,10
684,39,1,9003,1,9,9
685,43,1,9991,0,9,9
686,39,1,9085,1,1,9
687,17,3,9500,1,9,8
688,39,1,9991,0,9,2
689,39,2,9147,1,9,7
690,39,1,9130,1,9,4
691,43,1,9003,1,9,7
692,1,1,9254,1,9,3
693,39,1,33,1,9,8
694,39,1,9130,1,2,9
695,1,1,9147,1,5,5
696,1,1,8014,0,0,0
697,1,1,9254,1,2,1
698,44,1,9003,1,9,1
699,43,1,9119,1,5,7
700,44,1,9085,1,6,6
701,39,1,9147,1,9,3
702,7,1,9556,1,2,2
703,39,1,9991,0,9,9
704,39,1,9238,1,9,9
705,39,1,9991,0,9,9
706,39,1,8014,0,4,8
707,39,1,9003,1,9,6
708,39,1,9254,1,9,9
709,39,1,8014,0,9,7
710,39,1,9991,0,90,90
711,39,1,9119,1,9,8
712,39,1,9085,1,90,90
713,1,1,9500,1,2,2
714,39,1,9085,1,6,6
715,43,1,8014,0,4,10
716,39,1,9130,1,0,90
717,39,1,9670,1,3,9
718,42,1,9991,0,9,9
719,43,1,9670,1,8,10
720,43,1,33,1,4,4
721,1,1,9254,1,3,7
722,1,1,171,1,9,5
723,39,1,8014,0,90,5
724,7,3,9130,1,90,10
725,7,1,9500,1,9,7
726,51,1,9670,1,3,3
727,39,1,9991,0,9,9
728,1,2,171,1,4,7
729,43,1,9670,1,2,2
730,1,1,9773,1,9,9
731,44,1,9003,1,4,6
732,1,1,9254,1,6,6
733,39,2,9147,1,4,7
734,39,1,9130,1,6,7
735,17,2,9670,1,4,10
736,43,1,9773,1,3,7
737,17,2,9254,1,5,7
738,1,1,171,1,3,7
739,51,1,9773,1,8,8
740,1,1,9070,1,9,7
741,1,1,9254,1,2,2
742,17,3,9500,1,3,3
743,39,1,9991,0,4,8
744,39,1,9773,1,9,9
745,43,1,9003,1,4,5
746,51,1,9003,1,4,4
747,43,1,9085,1,9,6
748,39,1,9670,1,90,3
749,1,2,9500,1,5,3
750,1,2,9670,1,5,5
751,1,1,9070,1,9,9
752,42,1,9500,1,3,3
753,39,1,9991,0,7,9
754,1,3,9070,1,9,9
755,1,4,171,1,4,5
756,15,1,9670,1,9,5
757,43,1,9991,0,9,4
758,1,1,9254,1,3,3
759,43,2,9147,1,9,9
760,17,1,9003,1,2,2
761,5,1,171,1,1,10
762,43,3,8014,0,9,9
763,15,1,9147,1,192,3
764,44,1,8014,0,5,5
765,1,4,9147,1,5,10
766,44,1,9130,1,4,4
767,7,1,9991,0,4,1
768,39,1,8014,0,9,7
769,17,5,9670,1,5,5
770,1,1,9085,1,9,9
771,17,6,9773,1,5,5
772,1,3,9500,1,4,9
773,1,2,9238,1,4,10
774,1,1,9085,1,2,8
775,44,1,9085,1,4,7
776,43,1,9085,1,4,4
777,1,1,171,1,4,2
778,17,1,9853,1,132,132
779,17,3,9773,1,5,5
780,17,1,9773,1,7,7
781,17,1,9670,1,5,4
782,1,1,9500,1,3,8
783,1,3,9500,1,1,3
784,1,2,9773,1,9,9
785,1,1,9238,1,1,1
786,1,1,9070,1,1,2
787,1,1,9500,1,4,5
788,5,3,9085,1,0,90
789,17,3,171,1,5,4
790,17,1,9773,1,9,9
791,39,1,9500,1,2,2
792,17,1,9238,1,9,2
793,17,3,9238,1,2,5
794,1,3,9773,1,3,3
795,1,3,9773,1,5,8
796,44,1,9070,1,9,8
797,18,3,9500,1,4,8
798,1,1,9130,1,9,9
799,1,1,9853,1,3,7
800,53,1,9070,1,3,5
801,1,2,9238,1,9,8
802,17,4,9147,1,5,5
803,1,1,9773,1,9,9
804,1,3,9853,1,5,3
805,17,2,9147,1,9,3
806,17,3,9070,1,3,5
807,1,1,9130,1,2,10
808,1,4,9773,1,4,7
809,1,5,9070,1,9,3
810,1,1,9238,1,9,4
811,17,2,9853,1,5,7
812,17,1,9500,1,9,9
813,1,1,9500,1,3,3
814,1,1,9853,1,4,4
815,51,1,9147,1,4,4
816,17,1,9070,1,4,5
817,16,1,9070,1,4,4
818,17,2,9500,1,3,5
819,1,1,8014,0,9,90
820,1,1,9147,1,9,9
821,1,3,171,1,9,3
822,1,1,9085,1,4,7
823,1,2,9238,1,9,9
824,18,4,9773,1,9,9
825,17,3,9670,1,4,3
826,17,1,9853,1,5,7
827,1,3,9070,1,9,7
828,1,4,9500,1,4,5
829,43,1,9670,1,3,5
830,17,1,9254,1,3,3
831,39,1,9238,1,0,0
832,43,1,9130,1,9,2
833,39,1,9130,1,9,6
834,39,1,9119,1,90,5
835,1,3,9119,1,3,4
836,17,3,9119,1,3,4
837,51,1,9556,1,152,193
838,44,1,9130,1,2,8
839,1,1,9147,1,3,10
840,1,1,9147,1,9,9
841,17,1,9147,1,3,4
842,39,1,9130,1,3,0
843,1,3,9500,1,9,5
844,1,1,9238,1,9,9
845,1,1,171,1,9,8
846,39,1,9991,0,194,131
847,17,1,9147,1,9,9
848,1,1,9085,1,2,5
849,17,6,9500,1,4,4
850,1,6,9500,1,1,1
851,5,2,9853,1,4,5
852,1,1,9238,1,9,9
853,39,1,9500,1,9,9
854,17,4,9119,1,5,5
855,1,3,9773,1,4,1
856,1,1,9238,1,4,3
857,39,1,9003,1,9,10
858,5,4,9119,1,4,6
859,1,1,9773,1,0,3
860,18,2,9119,1,5,4
861,39,2,9147,1,9,9
862,44,1,9070,1,5,8
863,39,1,9670,1,9,8
864,44,1,9085,1,5,4
865,1,4,9500,1,4,10
866,39,1,9119,1,90,90
867,39,1,9119,1,3,7
868,18,1,9254,1,4,5
869,1,1,171,1,9,7
870,1,1,9254,1,191,193
871,39,1,9119,1,0,0
872,42,1,9991,0,5,5
873,1,1,9556,1,1,1
874,1,1,9003,1,194,194
875,1,1,9500,1,9,9
876,17,1,9070,1,9,9
877,39,2,9556,1,4,5
878,1,2,9670,1,7,10
879,44,1,9070,1,9,3
880,17,2,9070,1,9,8
881,1,1,171,1,2,5
882,39,1,9003,1,9,6
883,39,1,9003,1,4,7
884,16,2,9500,1,4,9
885,42,1,9773,1,0,0
886,16,6,9773,1,0,0
887,43,2,9238,1,9,7
888,1,1,9500,1,4,7
889,1,3,9773,1,9,5
890,1,2,9773,1,9,9
891,39,1,171,1,175,193
892,43,1,9500,1,9,9
893,7,1,8014,0,9,4
894,42,1,9085,1,4,7
895,44,1,9991,0,4,9
896,17,1,9773,1,5,5
897,43,1,9070,1,5,9
898,1,1,9254,1,9,5
899,17,1,9670,1,7,7
900,17,1,9147,1,9,7
901,43,2,9238,1,5,5
902,7,1,9500,1,7,7
903,1,2,9500,1,9,4
904,1,2,9147,1,9,9
905,1,3,9500,1,5,5
906,1,4,9670,1,7,7
907,17,2,9238,1,7,6
908,17,5,9238,1,5,5
909,1,1,171,1,7,10
910,1,1,9853,1,9,5
911,1,1,9085,1,5,4
912,39,1,9991,0,9,9
913,39,1,8014,0,9,7
914,39,1,9500,1,9,6
915,15,1,9773,1,4,5
916,39,1,9991,0,90,90
917,39,1,8014,0,8,10
918,44,1,9003,1,9,4
919,39,1,8014,0,9,7
920,39,1,8014,0,9,3
921,39,1,8014,0,9,9
922,17,6,9238,1,4,2
923,39,1,9500,1,9,6
924,39,1,9991,0,9,9
925,39,1,9500,1,9,7
926,7,1,9085,1,4,90
927,39,1,8014,0,6,8
928,39,1,9085,1,191,163
929,1,1,9238,1,0,0
930,1,5,9147,1,7,7
931,1,1,9853,1,9,9
932,7,1,9670,1,7,7
933,39,1,9147,1,9,9
934,39,1,9500,1,2,5
935,1,3,171,1,3,3
936,39,1,9500,1,9,9
937,44,1,9991,0,6,6
938,1,1,9773,1,4,10
939,39,1,8014,0,90,7
940,1,3,9773,1,5,5
941,1,1,9238,1,9,4
942,39,1,9238,1,9,9
943,7,1,9085,1,9,10
944,16,1,9556,1,9,7
945,17,2,9254,1,7,7
946,1,1,9147,1,3,3
947,17,2,9773,1,0,2
948,43,1,9670,1,0,0
949,39,1,9147,1,9,2
950,39,1,9991,0,9,9
951,39,1,9991,0,9,9
952,44,1,9003,1,4,8
953,18,5,9500,1,1,10
954,42,1,9119,1,2,9
955,17,4,9670,1,4,90
956,17,1,9773,1,9,9
957,1,3,9773,1,9,4
958,1,1,9147,1,5,5
959,1,3,9670,1,0,0
960,39,1,9670,1,0,0
961,43,1,9147,1,9,9
962,1,1,9130,1,2,4
963,1,2,9119,1,5,5
964,1,1,9773,1,3,7
965,44,1,9003,1,2,8
966,39,1,9991,0,9,5
967,39,1,9003,1,9,10
968,39,1,9991,0,0,0
969,39,1,9119,1,3,5
970,43,1,9670,1,0,0
971,42,1,9147,1,7,3
972,39,2,9119,1,7,7
973,43,1,9853,1,7,7
974,39,1,9991,0,9,3
975,17,3,9119,1,9,3
976,39,1,9500,1,9,8
977,1,1,9085,1,192,144
978,39,1,9991,0,7,5
979,18,1,9003,1,9,6
980,42,1,9119,1,6,6
981,39,1,9991,0,4,4
982,1,1,9773,1,4,5
983,39,1,9991,0,9,3
984,1,1,9147,1,2,10
985,1,1,9500,1,3,3
986,7,1,9003,1,4,6
987,17,1,9070,1,5,0
988,1,1,9238,1,3,4
989,17,2,9085,1,9,1
990,17,1,9500,1,9,2
991,1,1,9130,1,2,2
992,1,1,9773,1,3,3
993,44,2,9238,1,4,9
994,7,1,9238,1,191,192
995,39,1,8014,0,9,8
996,1,3,9500,1,134,135
997,44,1,9085,1,6,4
998,17,1,9254,1,3,3
999,1,3,9070,1,0,0
1000,17,3,9070,1,5,5
1001,1,5,9670,1,9,9
1002,1,1,171,1,2,5
1003,17,2,9147,1,7,7
1004,17,2,9238,1,3,4
1005,17,1,9085,1,5,5
1006,17,6,9500,1,9,6
1007,53,1,9238,1,9,10
1008,1,1,9500,1,5,5
1009,17,3,9670,1,3,3
1010,1,2,9500,1,9,10
1011,17,1,9500,1,4,3
1012,17,1,9147,1,4,5
1013,1,2,9773,1,4,5
1014,18,2,9147,1,191,143
1015,17,1,9254,1,9,8
1016,17,1,9147,1,9,9
1017,51,1,9070,1,3,5
1018,17,4,9670,1,9,99
1019,17,3,9773,1,4,9
1020,1,2,9500,1,4,7
1021,44,1,9147,1,4,9
1022,43,2,9500,1,2,2
1023,17,1,9070,1,9,9
1024,18,2,9853,1,191,171
1025,17,3,9085,1,4,90
1026,1,1,9085,1,4,90
1027,1,5,9254,1,9,9
1028,17,2,9500,1,9,4
1029,1,4,9500,1,9,9
1030,1,2,9147,1,4,3
1031,1,1,9853,1,5,7
1032,1,1,9773,1,8,8
1033,17,1,9085,1,9,9
1034,17,1,9070,1,7,7
1035,1,3,9070,1,9,7
1036,17,1,9238,1,9,7
1037,1,1,9238,1,4,2
1038,42,1,9085,1,4,9
1039,1,1,9853,1,2,5
1040,17,4,9070,1,4,5
1041,18,6,9500,1,9,7
1042,43,1,9670,1,9,6
1043,1,6,9500,1,9,9
1044,1,5,9254,1,4,7
1045,7,1,9991,0,4,9
1046,1,3,9773,1,2,10
1047,1,6,9500,1,4,4
1048,1,1,9500,1,9,6
1049,1,1,9500,1,5,5
1050,1,1,171,1,4,8
1051,17,2,9500,1,4,7
1052,17,3,9500,1,4,5
1053,44,1,9085,1,2,2
1054,1,2,9500,1,9,7
1055,1,1,9500,1,5,7
1056,1,2,9500,1,4,4
1057,1,1,9500,1,1,7
1058,39,1,9670,1,1,5
1059,1,1,9500,1,4,10
1060,53,1,9238,1,5,5
1061,1,1,9070,1,7,7
1062,39,1,8014,0,9,10
1063,1,1,9500,1,4,4
1064,1,1,9853,1,5,10
1065,7,1,8014,0,5,10
1066,1,6,9500,1,5,6
1067,1,1,9147,1,3,3
1068,43,1,9500,1,9,8
1069,1,2,9670,1,9,9
1070,1,1,9500,1,4,4
1071,44,1,9238,1,8,8
1072,1,1,9853,1,5,5
1073,1,1,9085,1,1,90
1074,1,1,9238,1,9,5
1075,1,2,9773,1,4,7
1076,2,1,9853,1,9,9
1077,17,1,9254,1,5,9
1078,43,1,171,1,2,3
1079,1,2,9500,1,4,9
1080,1,1,9070,1,4,0
1081,1,2,9254,1,9,9
1082,51,1,9070,1,2,10
1083,1,1,9853,1,9,4
1084,1,2,9070,1,9,3
1085,17,2,9130,1,2,1
1086,17,1,9670,1,9,5
1087,1,1,9773,1,132,103
1088,17,2,9853,1,4,0
1089,43,1,171,1,5,7
1090,17,1,9130,1,4,5
1091,17,3,9773,1,5,8
1092,17,3,9238,1,0,7
1093,18,4,9773,1,4,4
1094,17,3,9500,1,9,9
1095,1,1,9853,1,9,9
1096,17,1,9670,1,5,8
1097,1,1,9254,1,9,9
1098,1,1,9773,1,5,3
1099,1,2,9500,1,1,9
1100,1,1,9085,1,9,9
1101,17,1,9130,1,9,9
1102,1,2,9853,1,7,5
1103,43,1,9147,1,9,9
1104,1,1,9238,1,0,5
1105,1,4,171,1,9,9
1106,1,2,9500,1,0,0
1107,1,3,9500,1,8,8
1108,51,1,9991,0,5,9
1109,17,4,9085,1,90,7
1110,44,1,9003,1,6,6
1111,1,5,9500,1,6,7
1112,1,2,9500,1,9,7
1113,39,1,9991,0,3,3
1114,1,1,9500,1,9,7
1115,18,1,9500,1,9,7
1116,1,1,9070,1,1,9
1117,1,1,9500,1,9,5
1118,39,2,9556,1,9,9
1119,17,1,9500,1,5,9
1120,39,1,9238,1,9,9
1121,1,3,9670,1,5,5
1122,42,1,9500,1,4,8
1123,44,1,9003,1,9,9
1124,1,1,9773,1,9,9
1125,1,2,9670,1,9,9
1126,39,1,9500,1,2,10
1127,1,1,9238,1,9,9
1128,1,1,9147,1,9,6
1129,17,5,9500,1,5,8
1130,1,3,9500,1,7,7
1131,42,1,9500,1,9,3
1132,1,1,9147,1,194,171
1133,1,1,9500,1,9,5
1134,17,1,9254,1,5,6
1135,44,1,171,1,5,6
1136,1,3,9070,1,9,9
1137,1,1,9254,1,4,9
1138,17,4,9500,1,3,3
1139,1,1,9085,1,4,6
1140,1,6,9500,1,5,6
1141,17,6,9147,1,7,9
1142,1,1,9670,1,2,2
1143,1,1,9853,1,9,5
1144,16,2,9147,1,9,9
1145,1,2,8014,0,0,0
1146,1,1,171,1,4,5
1147,51,1,9991,0,5,7
1148,18,2,9853,1,9,0
1149,1,1,9500,1,4,4
1150,1,1,9070,1,4,5
1151,17,1,171,1,9,1
1152,17,3,9147,1,3,5
1153,1,1,9500,1,9,4
1154,1,3,9500,1,7,7
1155,1,1,9147,1,10,10
1156,17,1,9254,1,9,7
1157,16,4,9254,1,9,7
1158,1,2,9773,1,9,7
1159,1,1,9147,1,3,9
1160,39,1,9991,0,9,9
1161,7,1,9500,1,3,3
1162,17,3,9500,1,9,5
1163,39,1,8014,0,3,4
1164,39,1,9500,1,9,9
1165,39,1,8014,0,5,9
1166,39,2,9147,1,9,9
1167,43,2,9773,1,0,0
1168,17,2,9773,1,2,7
1169,1,1,9670,1,5,7
1170,1,1,9147,1,5,7
1171,17,4,9500,1,4,3
1172,42,1,9119,1,0,0
1173,39,1,9991,0,4,10
1174,18,1,9670,1,9,9
1175,17,4,9254,1,5,5
1176,16,2,9238,1,5,6
1177,1,2,9070,1,9,1
1178,39,1,9500,1,9,9
1179,18,1,9556,1,9,9
1180,39,1,9500,1,9,9
1181,16,1,9085,1,9,9
1182,1,3,9500,1,5,5
1183,53,1,9085,1,9,9
1184,1,2,9500,1,192,192
1185,1,1,9238,1,9,9
1186,7,1,9500,1,9,7
1187,17,1,9147,1,9,7
1188,17,1,9254,1,5,7
1189,1,1,9670,1,4,4
1190,7,2,9130,1,0,0
1191,1,6,9500,1,4,4
1192,1,1,171,1,7,7
1193,7,1,9254,1,3,6
1194,39,1,9003,1,9,9
1195,17,1,9853,1,4,7
1196,7,1,9070,1,9,3
1197,42,1,9853,1,5,5
1198,1,1,9238,1,4,4
1199,7,1,9085,1,5,5
1200,1,1,9130,1,4,4
1201,39,1,8014,0,4,8
1202,39,2,9147,1,9,7
1203,1,6,9238,1,194,163
1204,39,1,9238,1,0,0
1205,7,1,9147,1,1,9
1206,43,2,9500,1,90,0
1207,39,1,9003,1,9,10
1208,7,1,8014,0,0,5
1209,39,1,9003,1,9,9
1210,43,1,9556,1,9,9
1211,17,1,9238,1,9,9
1212,39,1,9500,1,9,4
1213,1,1,9670,1,0,0
1214,1,4,9500,1,7,9
1215,1,1,9500,1,3,7
1216,17,4,9238,1,5,8
1217,44,1,8014,0,7,6
1218,1,2,9500,1,4,10
1219,18,2,9147,1,9,7
1220,1,2,171,1,3,4
1221,1,1,9500,1,9,5
1222,39,1,9991,0,5,3
1223,39,1,8014,0,1,5
1224,1,3,9500,1,7,7
1225,17,1,9238,1,7,7
1226,1,1,9147,1,4,3
1227,17,1,9238,1,5,7
1228,1,5,9500,1,4,8
1229,53,1,9085,1,4,3
1230,1,1,9238,1,5,6
1231,1,1,9238,1,4,4
1232,7,1,9500,1,4,10
1233,17,2,9773,1,4,5
1234,17,6,9500,1,1,1
1235,39,1,9991,0,7,4
1236,1,6,9500,1,4,3
1237,18,1,9119,1,7,7
1238,44,1,9003,1,9,9
1239,1,1,9670,1,4,4
1240,43,1,9991,0,9,9
1241,39,1,9130,1,4,4
1242,39,1,9119,1,4,5
1243,42,1,9085,1,9,1
1244,43,1,9991,0,4,9
1245,39,1,9853,1,5,5
1246,1,1,9238,1,9,9
1247,1,3,9238,1,9,9
1248,53,1,9670,1,3,6
1249,1,2,9853,1,5,3
1250,1,1,9254,1,4,8
1251,43,1,9773,1,9,5
1252,17,3,9670,1,7,8
1253,1,1,9238,1,7,8
1254,43,1,9085,1,5,1
1255,39,1,9130,1,5,5
1256,17,1,9238,1,5,5
1257,1,3,9556,1,7,7
1258,1,4,9500,1,4,7
1259,1,1,9085,1,9,9
1260,1,3,9238,1,3,3
1261,42,1,9119,1,9,3
1262,1,2,9773,1,9,9
1263,39,1,9853,1,7,3
1264,18,2,9500,1,9,5
1265,1,6,9500,1,4,5
1266,1,1,9670,1,9,10
1267,17,2,9500,1,9,7
1268,53,1,9991,0,191,193
1269,39,1,9670,1,6,6
1270,17,1,9773,1,9,10
1271,43,1,9147,1,9,9
1272,1,1,9147,1,9,8
1273,51,1,9853,1,7,8
1274,7,1,9991,0,9,7
1275,17,2,9254,1,4,7
1276,17,5,9670,1,9,7
1277,39,1,9147,1,9,9
1278,39,1,8014,0,4,5
1279,17,1,9238,1,9,9
1280,1,3,9773,1,4,9
1281,1,3,9500,1,7,9
1282,17,5,9254,1,4,7
1283,1,1,9119,1,4,4
1284,1,1,9670,1,5,7
1285,17,2,9853,1,3,3
1286,1,2,9070,1,4,9
1287,1,1,9238,1,9,9
1288,1,1,9773,1,0,0
1289,1,1,9500,1,9,7
1290,17,2,9119,1,9,8
1291,1,1,9500,1,9,9
1292,44,1,9003,1,9,7
1293,17,5,9119,1,2,9
1294,39,1,9003,1,9,3
1295,39,1,8014,0,4,4
1296,39,2,9670,1,0,0
1297,39,1,9500,1,9,6
1298,1,1,9991,0,4,9
1299,18,1,9254,1,5,5
1300,17,1,9147,1,3,4
1301,1,5,9254,1,3,9
1302,44,1,171,1,2,2
1303,51,1,9670,1,1,10
1304,1,2,9773,1,7,7
1305,1,3,9773,1,9,9
1306,53,1,9003,1,8,8
1307,17,3,9147,1,5,7
1308,18,1,9500,1,5,7
1309,1,3,9500,1,9,9
1310,53,1,9147,1,143,172
1311,1,1,9085,1,9,6
1312,1,1,9773,1,9,5
1313,1,4,9500,1,2,3
1314,1,1,9670,1,5,7
1315,17,2,9500,1,9,7
1316,17,2,9085,1,4,9
1317,1,5,9773,1,0,8
1318,43,1,9254,1,5,7
1319,17,2,9853,1,4,8
1320,1,5,9238,1,9,3
1321,1,2,9853,1,194,103
1322,1,5,9500,1,9,9
1323,17,6,9556,1,5,5
1324,17,3,9147,1,2,10
1325,1,2,9500,1,9,9
1326,1,1,9085,1,4,9
1327,17,1,9254,1,0,7
1328,1,4,9500,1,3,3
1329,1,1,9085,1,2,9
1330,17,3,9556,1,9,7
1331,1,1,9500,1,3,10
1332,1,1,9130,1,1,3
1333,1,1,9238,1,7,7
1334,1,1,9500,1,5,5
1335,17,2,9853,1,2,10
1336,39,1,9500,1,3,7
1337,17,1,9147,1,9,6
1338,43,1,9130,1,9,9
1339,18,1,9500,1,7,8
1340,44,1,9238,1,6,9
1341,1,5,9773,1,9,9
1342,17,1,9085,1,7,7
1343,1,1,9853,1,9,7
1344,17,1,9070,1,4,8
1345,1,3,9085,1,4,4
1346,17,4,9773,1,3,3
1347,1,3,9500,1,7,7
1348,53,1,9085,1,8,9
1349,39,1,9085,1,4,9
1350,1,1,171,1,3,3
1351,1,3,9500,1,9,9
1352,1,2,9070,1,4,3
1353,17,2,9853,1,4,9
1354,1,1,9238,1,5,8
1355,1,1,9085,1,4,5
1356,39,1,9773,1,0,0
1357,39,1,9254,1,9,5
1358,17,1,171,1,4,10
1359,42,1,9119,1,9,9
1360,1,4,9119,1,123,152
1361,1,4,9500,1,9,9
1362,39,1,9070,1,5,5
1363,44,1,171,1,9,9
1364,1,1,9500,1,4,9
1365,39,1,9670,1,3,3
1366,51,1,9119,1,3,5
1367,1,6,9500,1,9,9
1368,1,1,9147,1,7,3
1369,53,1,9670,1,9,9
1370,39,1,8014,0,4,8
1371,1,1,9500,1,9,9
1372,1,1,9238,1,5,9
1373,1,1,9773,1,3,5
1374,7,1,9556,1,4,8
1375,1,1,171,1,5,1
1376,17,1,9147,1,9,3
1377,1,1,171,1,7,7
1378,1,5,9070,1,5,5
1379,51,1,9238,1,5,9
1380,18,1,9556,1,2,8
1381,39,1,9500,1,9,9
1382,7,1,9003,1,4,1
1383,1,1,9500,1,9,8
1384,39,1,9070,1,5,3
1385,1,1,9130,1,1,9
1386,43,1,9130,1,3,2
1387,1,3,9147,1,9,5
1388,17,6,9119,1,4,90
1389,1,2,9085,1,3,3
1390,1,2,9500,1,2,7
1391,1,2,9254,1,3,10
1392,1,1,171,1,9,9
1393,17,1,9238,1,4,9
1394,17,5,9773,1,191,175
1395,17,1,9254,1,9,3
1396,1,1,9130,1,3,9
1397,44,1,9070,1,3,9
1398,39,1,9556,1,9,9
1399,17,1,9853,1,9,8
1400,1,2,171,1,3,3
1401,1,2,9254,1,9,7
1402,1,1,9085,1,1,90
1403,17,5,9500,1,9,7
1404,44,1,9147,1,2,8
1405,15,1,9119,1,5,8
1406,18,2,9500,1,5,5
1407,1,2,9773,1,9,9
1408,17,1,9254,1,5,0
1409,15,1,9147,1,9,1
1410,39,1,8014,0,9,5
1411,16,2,9238,1,9,7
1412,43,1,9670,1,9,9
1413,1,2,9773,1,9,9
1414,18,3,9500,1,4,7
1415,1,2,9085,1,90,90
1416,17,5,9085,1,90,7
1417,17,1,9670,1,5,5
1418,17,4,9147,1,5,7
1419,39,1,9130,1,9,10
1420,17,4,9853,1,9,5
1421,1,3,9147,1,5,7
1422,17,3,9238,1,9,7
1423,1,1,9254,1,6,6
1424,1,2,9130,1,9,9
1425,1,1,171,1,5,5
1426,44,1,9085,1,2,6
1427,1,1,9254,1,1,1
1428,17,1,9238,1,9,9
1429,17,1,9773,1,9,7
1430,1,3,9500,1,5,7
1431,1,5,9853,1,4,9
1432,1,3,9254,1,7,7
1433,16,3,9070,1,4,8
1434,1,2,9500,1,9,9
1435,15,1,9147,1,3,4
1436,15,1,9119,1,143,152
1437,39,1,8014,0,9,9
1438,18,1,9670,1,9,9
1439,1,1,9085,1,9,6
1440,1,5,9670,1,7,3
1441,1,1,171,1,9,9
1442,17,6,9254,1,4,3
1443,17,1,9003,1,9,5
1444,43,1,9991,0,6,6
1445,1,2,9254,1,4,3
1446,1,1,171,1,3,5
1447,17,3,9119,1,4,3
1448,44,1,9003,1,9,4
1449,44,1,9070,1,4,4
1450,17,1,9130,1,4,1
1451,1,1,9003,1,9,9
1452,1,1,171,1,4,1
1453,18,2,9238,1,5,7
1454,1,1,9119,1,2,3
1455,1,2,9147,1,4,9
1456,1,1,9147,1,4,5
1457,1,6,9500,1,3,7
1458,1,1,9670,1,143,163
1459,18,1,9147,1,7,7
1460,39,1,9670,1,7,7
1461,44,1,9003,1,9,8
1462,1,3,9670,1,2,8
1463,51,1,9119,1,4,4
1464,17,2,9254,1,4,3
1465,43,4,8014,0,0,0
1466,17,2,9119,1,9,9
1467,17,5,9119,1,4,4
1468,1,1,9773,1,9,7
1469,1,3,9254,1,4,3
1470,17,1,9147,1,3,7
1471,44,1,9003,1,7,1
1472,17,1,9773,1,4,9
1473,17,1,9773,1,0,4
1474,17,1,9119,1,9,10
1475,17,1,9130,1,4,7
1476,39,1,9991,0,9,5
1477,51,1,171,1,3,3
1478,39,1,9003,1,4,4
1479,1,1,9085,1,4,9
1480,53,1,9085,1,9,4
1481,39,1,9773,1,9,1
1482,1,2,9670,1,2,6
1483,17,1,9254,1,9,9
1484,39,1,9500,1,9,7
1485,18,2,9238,1,4,3
1486,53,1,9085,1,4,2
1487,17,1,9670,1,4,9
1488,43,1,8014,0,8,5
1489,17,6,9119,1,4,0
1490,39,1,9003,1,9,9
1491,1,1,9773,1,9,9
1492,44,1,9130,1,2,2
1493,39,1,9670,1,5,8
1494,39,1,9500,1,2,2
1495,7,1,9119,1,2,5
1496,43,1,9556,1,5,5
1497,17,2,9670,1,4,10
1498,39,1,9003,1,9,8
1499,44,1,9003,1,4,4
1500,1,1,9070,1,3,3
1501,1,1,9670,1,90,90
1502,39,1,9991,0,5,3
1503,39,1,9500,1,191,183
1504,39,1,9500,1,9,7
1505,17,5,9773,1,7,7
1506,39,1,9991,0,9,9
1507,1,1,171,1,7,7
1508,43,1,9070,1,7,7
1509,43,1,9500,1,6,6
1510,17,1,9254,1,4,8
1511,39,1,9991,0,9,10
1512,17,1,171,1,5,9
1513,10,1,9254,1,9,9
1514,17,1,9500,1,9,9
1515,1,1,171,1,9,7
1516,7,1,9500,1,4,1
1517,17,1,171,1,4,1
1518,1,1,171,1,9,8
1519,39,1,9147,1,9,4
1520,39,1,9991,0,9,9
1521,39,1,9991,0,9,9
1522,17,1,9085,1,9,4
1523,1,1,9670,1,7,4
1524,1,1,171,1,2,2
1525,1,1,9500,1,4,3
1526,17,1,9773,1,5,1
1527,39,1,9119,1,9,9
1528,15,1,9254,1,9,7
1529,10,1,9500,1,2,9
1530,39,1,9003,1,9,4
1531,17,3,9500,1,9,5
1532,15,1,9773,1,9,6
1533,7,1,9119,1,2,7
1534,1,1,9085,1,9,9
1535,44,1,9991,0,9,9
1536,39,1,9500,1,9,8
1537,1,1,9238,1,9,10
1538,18,5,9853,1,7,7
1539,39,1,9119,1,4,7
1540,17,1,9147,1,3,5
1541,39,1,9853,1,7,8
1542,17,5,8014,0,90,90
1543,7,1,9130,1,4,9
1544,39,1,8014,0,0,0
1545,17,1,9070,1,4,9
1546,18,1,9773,1,9,5
1547,39,1,9991,0,0,0
1548,7,1,9254,1,9,9
1549,39,1,9500,1,9,9
1550,43,1,8014,0,0,0
1551,43,1,9147,1,9,9
1552,7,1,9147,1,9,9
1553,1,2,9085,1,5,5
1554,39,1,8014,0,9,9
1555,1,2,9500,1,2,7
1556,1,1,9119,1,9,5
1557,17,1,9147,1,6,6
1558,16,1,171,1,9,9
1559,1,3,9500,1,2,10
1560,15,1,33,1,2,4
1561,17,1,9130,1,5,7
1562,1,4,9147,1,3,4
1563,44,1,9130,1,5,5
1564,17,4,9085,1,3,9
1565,17,6,9238,1,7,7
1566,17,5,9500,1,9,5
1567,1,2,9147,1,4,4
1568,15,1,9556,1,9,4
1569,43,1,9130,1,9,6
1570,1,1,8014,0,9,9
1571,39,1,9003,1,9,10
1572,39,1,9991,0,90,90
1573,39,1,9003,1,9,7
1574,7,1,9991,0,6,6
1575,1,4,171,1,4,4
1576,39,2,9670,1,9,9
1577,39,1,9991,0,5,5
1578,1,3,9085,1,9,8
1579,16,1,171,1,9,9
1580,1,1,9773,1,9,7
1581,16,2,9070,1,4,2
1582,43,1,9991,0,3,9
1583,17,1,9853,1,9,9
1584,1,1,9773,1,9,9
1585,1,1,171,1,9,8
1586,1,1,9147,1,7,7
1587,17,2,9119,1,3,3
1588,17,1,9254,1,5,4
1589,17,2,8014,0,4,99
1590,44,1,9003,1,4,7
1591,17,4,171,1,2,10
1592,1,4,9147,1,5,5
1593,1,3,171,1,9,3
1594,17,1,9147,1,9,9
1595,1,1,9670,1,4,9
1596,1,2,9500,1,9,9
1597,1,1,9773,1,9,9
1598,17,1,9238,1,7,7
1599,17,1,9773,1,9,9
1600,1,4,171,1,0,3
1601,17,6,9670,1,4,10
1602,1,2,9254,1,4,1
1603,44,1,9003,1,6,6
1604,39,1,9003,1,9,8
1605,53,1,9003,1,9,9
1606,1,5,9254,1,3,9
1607,1,6,9500,1,2,1
1608,17,1,9773,1,9,10
1609,1,2,9070,1,7,7
1610,1,1,9147,1,4,7
1611,16,5,9085,1,8,8
1612,17,2,9500,1,5,5
1613,39,1,8014,0,0,0
1614,39,1,8014,0,5,3
1615,39,1,9085,1,9,5
1616,1,1,9085,1,6,9
1617,39,1,8014,0,7,4
1618,1,2,9773,1,9,9
1619,42,1,9670,1,9,10
1620,18,1,9670,1,9,7
1621,1,1,9085,1,9,9
1622,39,1,9556,1,9,4
1623,39,1,9556,1,9,9
1624,42,1,9853,1,4,7
1625,39,1,9991,0,7,10
1626,1,1,9085,1,9,4
1627,44,1,9991,0,5,5
1628,1,1,9670,1,4,0
1629,39,1,9119,1,9,8
1630,39,1,9130,1,9,9
1631,39,1,9773,1,9,4
1632,39,1,9991,0,9,9
1633,43,1,8014,0,132,122
1634,39,1,9991,0,9,10
1635,17,1,9670,1,7,5
1636,39,1,9130,1,6,6
1637,1,1,9500,1,4,4
1638,39,1,9670,1,5,3
1639,1,1,9070,1,2,3
1640,1,4,9500,1,4,3
1641,1,2,9070,1,9,7
1642,17,5,9500,1,4,4
1643,17,2,8014,0,9,9
1644,17,4,9254,1,3,3
1645,1,2,171,1,4,7
1646,1,2,171,1,3,3
1647,43,1,9500,1,4,7
1648,1,5,9500,1,9,7
1649,1,1,9500,1,4,9
1650,1,1,9500,1,9,9
1651,1,3,9500,1,4,7
1652,7,1,9991,0,3,3
1653,1,3,9556,1,3,10
1654,1,2,9853,1,2,9
1655,1,2,9085,1,9,3
1656,1,1,9147,1,1,4
1657,1,2,9085,1,9,8
1658,43,3,171,1,9,9
1659,1,1,171,1,1,2
1660,53,1,9085,1,4,6
1661,1,2,9085,1,5,2
1662,1,1,9500,1,4,4
1663,17,1,9500,1,9,7
1664,1,1,9085,1,9,1
1665,1,1,9773,1,4,4
1666,17,1,9238,1,5,6
1667,1,4,9500,1,1,5
1668,44,1,9070,1,4,6
1669,17,1,8014,0,5,8
1670,39,1,9991,0,4,2
1671,1,1,9085,1,4,2
1672,44,1,9130,1,4,1
1673,39,1,9500,1,4,4
1674,17,4,9500,1,4,9
1675,17,3,9254,1,4,4
1676,17,1,9556,1,1,7
1677,39,1,9991,0,3,3
1678,17,1,9085,1,4,90
1679,39,1,9500,1,9,9
1680,1,1,9119,1,9,7
1681,1,1,9773,1,4,4
1682,1,2,9670,1,9,4
1683,1,1,9670,1,3,3
1684,17,3,9070,1,5,5
1685,1,5,9070,1,2,2
1686,17,3,9085,1,9,9
1687,7,1,9556,1,2,2
1688,1,1,171,1,9,9
1689,43,4,171,1,9,9
1690,7,1,9119,1,0,0
1691,18,3,9070,1,4,7
1692,1,1,9500,1,9,9
1693,1,1,9147,1,3,10
1694,39,1,9119,1,3,10
1695,17,1,9670,1,9,8
1696,17,1,9070,1,4,5
1697,39,1,9085,1,0,2
1698,1,1,9500,1,5,5
1699,7,1,9500,1,90,90
1700,1,1,9500,1,9,9
1701,1,1,9773,1,5,5
1702,17,6,9773,1,0,0
1703,1,1,9238,1,7,7
1704,39,1,9670,1,4,9
1705,1,1,9119,1,4,1
1706,1,5,171,1,4,4
1707,1,4,9147,1,8,9
1708,39,1,9556,1,7,10
1709,1,3,9500,1,9,5
1710,44,1,9991,0,9,9
1711,1,3,9500,1,5,4
1712,42,1,9500,1,3,10
1713,44,1,9085,1,9,4
1714,17,4,9238,1,9,9
1715,17,2,9500,1,4,10
1716,1,4,9500,1,7,7
1717,39,1,9500,1,4,4
1718,39,1,9119,1,7,7
1719,39,1,9991,0,2,4
1720,17,1,9085,1,9,9
1721,1,2,9254,1,9,9
1722,51,1,9085,1,2,8
1723,1,1,9773,1,9,9
1724,1,1,171,1,3,10
1725,39,1,9991,0,5,1
1726,43,1,9238,1,99,99
1727,44,1,9130,1,4,9
1728,17,1,9254,1,4,9
1729,43,1,9991,0,9,9
1730,1,3,9147,1,5,10
1731,1,1,9130,1,90,8
1732,39,1,9119,1,9,10
1733,39,1,8014,0,9,10
1734,1,1,9147,1,9,9
1735,44,1,9070,1,3,8
1736,1,6,9500,1,2,1
1737,1,5,9500,1,9,10
1738,39,1,9003,1,5,9
1739,39,1,9070,1,9,10
1740,18,1,9130,1,5,2
1741,17,4,9254,1,4,2
1742,1,1,9130,1,2,9
1743,43,1,9773,1,9,6
1744,39,1,9670,1,90,90
1745,44,1,9085,1,4,4
1746,43,1,9130,1,9,4
1747,39,1,9003,1,9,6
1748,39,1,9003,1,9,4
1749,43,1,9070,1,7,7
1750,44,1,9003,1,2,6
1751,1,1,171,1,9,9
1752,17,2,9070,1,3,3
1753,44,1,9119,1,5,2
1754,17,5,9119,1,2,9
1755,1,1,9119,1,3,3
1756,17,1,171,1,3,3
1757,44,1,9130,1,4,8
1758,1,4,9670,1,2,5
1759,1,4,9500,1,4,7
1760,1,2,9238,1,191,171
1761,17,1,171,1,5,7
1762,39,1,9773,1,1,3
1763,15,1,9147,1,6,4
1764,53,1,9147,1,6,6
1765,1,1,9147,1,9,9
1766,39,1,9003,1,9,9
1767,44,1,9254,1,9,3
1768,7,1,9500,1,2,6
1769,51,1,9147,1,2,2
1770,16,3,9853,1,9,5
1771,39,1,9147,1,9,8
1772,1,2,9773,1,9,9
1773,42,1,9003,1,4,4
1774,17,6,9254,1,4,5
1775,1,3,9773,1,0,0
1776,1,1,9254,1,4,7
1777,39,1,9991,0,9,9
1778,1,1,9147,1,7,7
1779,1,1,9500,1,9,9
1780,1,1,9670,1,9,10
1781,1,5,9070,1,3,3
1782,39,1,9500,1,3,7
1783,17,3,9147,1,123,171
1784,7,2,9500,1,9,9
1785,43,1,9147,1,7,7
1786,39,1,9238,1,9,4
1787,7,1,9991,0,9,9
1788,1,1,9070,1,0,1
1789,17,3,9254,1,4,4
1790,39,1,9500,1,9,4
1791,1,4,9147,1,3,10
1792,39,1,9991,0,2,2
1793,17,1,9085,1,4,7
1794,43,1,9500,1,173,183
1795,1,3,9500,1,7,9
1796,1,1,9238,1,9,7
1797,1,3,9085,1,9,9
1798,39,1,9003,1,4,9
1799,17,3,9254,1,9,3
1800,1,3,9500,1,4,1
1801,43,2,8014,0,0,0
1802,1,2,9147,1,9,9
1803,43,2,9670,1,4,4
1804,51,1,9147,1,9,5
1805,43,1,9991,0,2,9
1806,1,3,9119,1,3,5
1807,17,1,9670,1,1,1
1808,1,5,9119,1,4,7
1809,51,1,9991,0,5,3
1810,39,1,9254,1,9,9
1811,1,6,9500,1,3,3
1812,51,1,9500,1,5,5
1813,1,2,9147,1,9,9
1814,18,1,9070,1,4,7
1815,39,1,9003,1,1,1
1816,43,1,9991,0,6,6
1817,43,1,9070,1,9,9
1818,17,4,9773,1,9,9
1819,17,3,9500,1,3,3
1820,43,1,9085,1,4,9
1821,1,3,9500,1,4,3
1822,17,1,9147,1,4,5
1823,39,1,9670,1,4,4
1824,1,1,9238,1,3,3
1825,17,1,9254,1,5,3
1826,1,1,9238,1,5,7
1827,17,1,9085,1,4,9
1828,7,1,9500,1,4,5
1829,1,1,9147,1,5,6
1830,1,1,9853,1,9,8
1831,1,1,9238,1,4,4
1832,17,2,9147,1,9,8
1833,1,1,9147,1,9,9
1834,17,1,9500,1,3,9
1835,1,1,9238,1,191,192
1836,43,1,8014,0,9,3
1837,39,1,9500,1,9,9
1838,17,3,9500,1,2,5
1839,39,1,9070,1,4,4
1840,10,1,9773,1,0,5
1841,17,1,9130,1,3,10
1842,1,1,9147,1,3,6
1843,1,2,9147,1,3,3
1844,1,6,9500,1,9,9
1845,1,1,9130,1,2,4
1846,17,1,9003,1,5,2
1847,39,1,9991,0,9,10
1848,1,2,9500,1,2,2
1849,43,3,9254,1,2,2
1850,7,1,9500,1,7,10
1851,1,1,9119,1,9,7
1852,1,1,9147,1,3,3
1853,44,1,9003,1,2,10
1854,39,1,9085,1,90,90
1855,39,2,9670,1,90,90
1856,1,1,9070,1,9,9
1857,15,1,9238,1,9,9
1858,17,3,9070,1,4,2
1859,42,1,9991,0,2,2
1860,39,1,9119,1,0,5
1861,39,1,9119,1,4,4
1862,1,1,9254,1,5,4
1863,17,1,9070,1,9,5
1864,1,1,9130,1,4,4
1865,39,1,9991,0,3,7
1866,39,2,9147,1,5,9
1867,39,1,9991,0,9,6
1868,1,3,171,1,9,8
1869,1,1,9773,1,0,0
1870,17,1,9670,1,7,2
1871,1,6,9500,1,4,4
1872,51,1,9500,1,4,10
1873,39,1,8014,0,0,0
1874,1,4,9773,1,7,7
1875,1,1,9500,1,9,9
1876,39,1,9556,1,3,7
1877,1,5,9500,1,4,4
1878,1,2,171,1,5,5
1879,17,1,9500,1,4,9
1880,44,1,9119,1,9,9
1881,39,1,9003,1,9,4
1882,17,1,9254,1,9,9
1883,1,1,171,1,10,5
1884,39,1,9500,1,191,172
1885,1,1,9500,1,9,3
1886,44,1,9003,1,9,7
1887,43,1,9773,1,5,0
1888,10,1,9085,1,2,8
1889,1,1,171,1,9,3
1890,1,1,171,1,4,4
1891,1,5,9500,1,7,7
1892,1,1,9130,1,4,3
1893,1,1,171,1,4,8
1894,18,1,171,1,4,3
1895,1,1,9070,1,7,9
1896,1,1,9085,1,8,8
1897,1,1,9773,1,2,2
1898,1,1,171,1,4,1
1899,53,1,9085,1,2,8
1900,43,1,9773,1,3,0
1901,42,1,9085,1,4,4
1902,1,1,9130,1,4,4
1903,17,1,9500,1,4,10
1904,1,1,9773,1,7,9
1905,44,1,9238,1,4,8
1906,1,6,9500,1,5,9
1907,1,6,9500,1,9,10
1908,17,1,9853,1,3,9
1909,1,1,9500,1,2,2
1910,1,2,9670,1,4,5
1911,1,2,9500,1,5,7
1912,1,2,9556,1,9,3
1913,17,3,8014,0,3,3
1914,1,1,9853,1,9,4
1915,1,4,9500,1,4,8
1916,17,5,9500,1,5,8
1917,1,4,9500,1,9,10
1918,1,2,9070,1,9,9
1919,43,1,9670,1,1,1
1920,44,1,9085,1,3,7
1921,1,2,9238,1,9,8
1922,1,1,9853,1,9,1
1923,17,3,9147,1,5,1
1924,17,1,9670,1,4,7
1925,17,1,9238,1,4,10
1926,1,1,9085,1,9,4
1927,17,2,9773,1,9,9
1928,1,1,9070,1,9,5
1929,17,3,9500,1,9,9
1930,1,4,9500,1,1,1
1931,17,1,9670,1,5,7
1932,17,2,9238,1,3,3
1933,39,1,9500,1,9,4
1934,1,4,9500,1,9,9
1935,17,6,9500,1,3,3
1936,17,1,9130,1,2,10
1937,1,1,9500,1,4,5
1938,39,1,9085,1,4,10
1939,1,2,9773,1,3,4
1940,1,2,9254,1,9,4
1941,1,1,9238,1,9,6
1942,1,1,9070,1,9,9
1943,1,1,9070,1,3,5
1944,1,2,9773,1,4,7
1945,1,4,9500,1,9,9
1946,1,1,9500,1,5,3
1947,17,1,9085,1,4,10
1948,1,1,9773,1,9,9
1949,18,1,9500,1,5,5
1950,1,1,9254,1,4,7
1951,43,2,9254,1,9,9
1952,1,1,171,1,7,7
1953,1,4,9254,1,5,6
1954,1,4,9500,1,2,3
1955,18,1,9853,1,4,0
1956,1,4,9238,1,4,5
1957,7,1,9500,1,4,4
1958,1,1,9238,1,4,9
1959,53,1,9085,1,9,9
1960,1,1,9238,1,4,9
1961,18,1,9500,1,9,4
1962,1,1,9670,1,5,4
1963,1,2,9500,1,4,4
1964,17,1,9085,1,4,1
1965,7,1,9003,1,2,4
1966,1,1,9085,1,3,4
1967,1,3,9085,1,4,3
1968,17,1,9853,1,3,4
1969,1,4,9670,1,4,7
1970,51,1,9238,1,5,2
1971,17,1,9085,1,2,4
1972,17,2,9670,1,5,4
1973,17,1,9147,1,4,6
1974,1,4,9500,1,3,10
1975,51,1,9070,1,4,4
1976,1,4,9500,1,3,3
1977,44,1,9238,1,191,102
1978,44,1,9085,1,3,3
1979,1,1,9670,1,9,9
1980,1,1,9147,1,9,9
1981,17,1,9238,1,7,7
1982,43,1,9085,1,6,6
1983,1,1,9500,1,5,8
1984,1,1,9500,1,5,5
1985,17,2,9254,1,9,7
1986,42,1,9500,1,9,9
1987,39,1,9991,0,9,10
1988,1,2,9500,1,3,3
1989,1,5,9670,1,4,10
1990,17,1,8014,0,5,5
1991,43,1,171,1,9,9
1992,39,1,8014,0,4,7
1993,1,1,9147,1,193,181
1994,1,1,9254,1,0,0
1995,1,5,9238,1,0,2
1996,17,1,9085,1,4,8
1997,17,1,9773,1,9,9
1998,39,1,8014,0,4,7
1999,51,1,9147,1,9,7
2000,39,1,9254,1,9,6
2001,1,1,9238,1,9,5
2002,51,1,9254,1,9,9
2003,17,5,9853,1,4,8
2004,7,1,9853,1,0,0
2005,1,1,9085,1,4,10
2006,39,1,8014,0,9,8
2007,16,3,9085,1,9,2
2008,1,1,171,1,9,7
2009,1,6,9773,1,90,90
2010,18,1,9853,1,9,5
2011,39,1,9991,0,9,4
2012,39,1,9853,1,5,3
2013,39,1,9853,1,9,9
2014,39,1,9003,1,4,4
2015,1,1,9238,1,6,6
2016,39,1,9254,1,6,6
2017,1,1,9500,1,9,10
2018,1,1,9254,1,5,5
2019,1,2,9773,1,4,9
2020,42,1,9003,1,9,5
2021,39,1,9853,1,9,4
2022,17,4,171,1,9,9
2023,1,1,9070,1,5,8
2024,39,1,9991,0,9,10
2025,43,1,9500,1,4,10
2026,1,1,171,1,3,3
2027,1,2,171,1,1,3
2028,1,1,9500,1,4,9
2029,1,1,9773,1,9,6
2030,17,2,9500,1,9,10
2031,39,1,9254,1,9,9
2032,39,1,9085,1,9,6
2033,39,2,9991,0,9,9
2034,39,1,9773,1,6,6
2035,42,1,9500,1,2,8
2036,17,1,9147,1,5,9
2037,7,1,9130,1,1,1
2038,10,1,9670,1,9,9
2039,1,4,9238,1,7,7
2040,1,5,9853,1,9,9
2041,57,1,9991,0,4,6
2042,1,1,9254,1,9,3
2043,1,3,9254,1,9,9
2044,44,1,9085,1,3,3
2045,1,2,9500,1,9,1
2046,1,2,9500,1,7,7
2047,17,2,9556,1,7,7
2048,17,4,9500,1,2,5
2049,1,4,9500,1,9,7
2050,1,1,9238,1,9,3
2051,17,1,9238,1,7,7
2052,1,2,9773,1,4,5
2053,1,6,9500,1,3,9
2054,1,2,9556,1,4,5
2055,1,1,9070,1,9,8
2056,53,1,9003,1,9,7
2057,44,1,9085,1,9,9
2058,1,1,9147,1,5,7
2059,44,1,9085,1,4,10
2060,17,6,9500,1,3,9
2061,17,5,9556,1,9,8
2062,1,3,9500,1,9,9
2063,1,1,9085,1,4,7
2064,17,4,9147,1,9,9
2065,1,2,9853,1,9,8
2066,1,5,9254,1,7,10
2067,17,5,9070,1,4,4
2068,18,4,9853,1,4,10
2069,17,6,9147,1,9,7
2070,1,1,9670,1,1,10
2071,1,1,9500,1,9,4
2072,1,1,9670,1,5,9
2073,1,3,9085,1,9,9
2074,1,1,9238,1,3,9
2075,17,2,9238,1,9,4
2076,1,4,9238,1,4,10
2077,17,1,9500,1,4,8
2078,17,2,9500,1,3,6
2079,1,5,9500,1,7,7
2080,1,1,9500,1,9,9
2081,1,1,9500,1,2,1
2082,1,2,9500,1,9,8
2083,1,3,9773,1,2,3
2084,1,1,9773,1,9,9
2085,1,4,9773,1,99,90
2086,7,1,8014,0,4,4
2087,17,1,9130,1,3,6
2088,1,3,9500,1,4,8
2089,39,1,9670,1,4,7
2090,1,5,9500,1,5,7
2091,1,3,9085,1,4,7
2092,1,1,9500,1,2,1
2093,1,1,9500,1,9,9
2094,17,1,9853,1,2,2
2095,43,1,9130,1,2,2
2096,7,1,9500,1,4,4
2097,1,2,9238,1,7,7
2098,18,1,9500,1,5,5
2099,17,2,9254,1,5,5
2100,17,1,9773,1,9,5
2101,18,1,8014,0,4,3
2102,1,6,9500,1,9,8
2103,1,2,9773,1,3,0
2104,1,1,9238,1,9,9
2105,43,1,9500,1,4,7
2106,16,1,9070,1,3,3
2107,1,1,9773,1,9,9
2108,17,1,9085,1,2,9
2109,44,1,9085,1,2,2
2110,44,3,9085,1,4,1
2111,17,1,9003,1,9,2
2112,1,2,9556,1,9,9
2113,1,1,9238,1,175,183
2114,17,1,9853,1,5,5
2115,17,2,9670,1,5,5
2116,1,1,9238,1,4,4
2117,1,5,9500,1,9,9
2118,1,4,9773,1,90,4
2119,17,1,171,1,6,7
2120,17,1,9085,1,4,9
2121,1,1,9147,1,5,5
2122,1,1,9147,1,9,7
2123,17,3,9238,1,4,10
2124,1,1,171,1,3,3
2125,43,1,9254,1,9,9
2126,17,2,9500,1,5,7
2127,1,3,9500,1,1,1
2128,1,1,171,1,8,8
2129,1,1,9070,1,5,7
2130,1,1,9085,1,3,7
2131,1,1,9238,1,5,7
2132,1,2,9147,1,4,5
2133,17,5,9500,1,4,5
2134,1,3,9500,1,1,1
2135,39,1,9254,1,4,1
2136,17,5,9070,1,9,9
2137,1,5,9773,1,9,9
2138,17,2,9556,1,4,8
2139,1,1,9147,1,5,8
2140,17,5,9500,1,5,4
2141,17,4,9085,1,4,9
2142,17,1,9238,1,9,9
2143,1,2,171,1,2,3
2144,39,1,8014,0,7,9
2145,17,1,9130,1,2,2
2146,1,1,9070,1,9,6
2147,1,6,9254,1,9,5
2148,10,1,9085,1,4,5
2149,1,1,9238,1,5,5
2150,1,1,9853,1,3,3
2151,44,1,9085,1,2,9
2152,1,4,9500,1,7,7
2153,42,1,9238,1,4,9
2154,1,1,9070,1,151,193
2155,1,1,9500,1,9,9
2156,17,2,171,1,4,1
2157,44,1,9085,1,9,10
2158,1,2,9853,1,3,5
2159,17,4,9254,1,5,8
2160,1,4,9500,1,1,2
2161,17,2,9670,1,0,0
2162,17,1,9238,1,7,9
2163,17,4,9500,1,3,3
2164,1,2,9773,1,3,3
2165,44,1,9238,1,9,3
2166,17,1,9500,1,5,9
2167,1,6,9147,1,9,9
2168,18,2,9500,1,3,2
2169,17,1,9670,1,2,1
2170,1,5,9500,1,5,8
2171,44,1,9085,1,4,4
2172,7,1,9070,1,9,7
2173,1,1,9085,1,4,2
2174,43,1,9238,1,4,3
2175,1,1,171,1,9,1
2176,1,4,9070,1,7,3
2177,43,1,8014,0,0,0
2178,17,1,9500,1,5,5
2179,1,3,9773,1,5,5
2180,17,1,171,1,7,7
2181,17,1,9238,1,5,4
2182,43,1,9500,1,7,7
2183,42,1,9853,1,9,3
2184,17,2,9238,1,3,4
2185,17,1,9254,1,7,5
2186,1,1,9070,1,4,4
2187,1,6,9500,1,5,7
2188,17,1,9254,1,2,3
2189,17,4,9773,1,5,5
2190,17,1,171,1,9,6
2191,1,6,9500,1,2,3
2192,39,1,9003,1,2,4
2193,17,1,9119,1,9,7
2194,1,1,171,1,5,8
2195,1,2,9773,1,4,7
2196,17,2,9147,1,5,7
2197,43,1,9070,1,4,7
2198,1,3,9147,1,9,9
2199,39,2,9556,1,9,10
2200,39,1,8014,0,9,7
2201,39,1,9500,1,9,1
2202,17,2,9254,1,6,6
2203,7,1,171,1,9,9
2204,5,2,9070,1,4,10
2205,44,1,9119,1,9,8
2206,1,5,9147,1,3,3
2207,43,1,9147,1,9,8
2208,17,2,9147,1,4,7
2209,1,5,9773,1,9,5
2210,1,3,9500,1,4,4
2211,1,1,9070,1,9,9
2212,1,1,9119,1,5,5
2213,1,1,9238,1,9,9
2214,44,1,9003,1,9,7
2215,1,2,9773,1,2,4
2216,18,2,9556,1,2,2
2217,16,2,9147,1,4,9
2218,7,1,9773,1,4,8
2219,1,1,9070,1,9,8
2220,39,1,9500,1,4,9
2221,1,2,9500,1,5,10
2222,43,1,9119,1,2,3
2223,17,1,171,1,4,6
2224,1,2,9500,1,9,7
2225,43,3,9254,1,9,9
2226,1,1,9670,1,3,3
2227,43,1,9003,1,9,6
2228,39,1,9773,1,9,3
2229,1,1,9070,1,3,9
2230,1,4,171,1,4,8
2231,1,1,171,1,2,2
2232,43,1,9147,1,1,1
2233,43,1,9254,1,0,0
2234,17,2,9254,1,5,7
2235,1,1,171,1,4,8
2236,1,1,9254,1,9,4
2237,39,1,9254,1,4,5
2238,39,1,9130,1,191,144
2239,39,1,9085,1,9,8
2240,39,1,9254,1,3,4
2241,39,1,9991,0,9,9
2242,43,1,9119,1,4,7
2243,17,4,9500,1,5,7
2244,39,1,9254,1,90,90
2245,17,4,9238,1,9,8
2246,17,1,9500,1,4,5
2247,43,2,9500,1,9,10
2248,44,1,9119,1,9,8
2249,1,1,9130,1,4,10
2250,44,1,9238,1,4,3
2251,16,1,171,1,9,7
2252,7,1,9085,1,2,2
2253,39,1,9119,1,0,0
2254,39,1,9991,0,5,5
2255,39,1,9254,1,9,6
2256,7,1,33,1,5,6
2257,44,1,9003,1,2,2
2258,7,1,9070,1,2,2
2259,39,1,8014,0,9,6
2260,1,2,9670,1,4,4
2261,43,1,9147,1,4,4
2262,1,1,9254,1,2,3
2263,39,1,9003,1,9,9
2264,1,1,9853,1,9,4
2265,18,1,9085,1,3,5
2266,7,1,9003,1,9,4
2267,1,4,9147,1,3,4
2268,43,1,9500,1,2,4
2269,39,1,9991,0,1,1
2270,7,1,9991,0,99,99
2271,17,2,9070,1,9,10
2272,39,1,9991,0,5,5
2273,1,4,8014,0,0,0
2274,39,1,171,1,9,9
2275,1,2,9991,0,4,2
2276,39,1,8014,0,6,6
2277,51,1,9773,1,5,3
2278,1,1,9070,1,4,9
2279,43,1,8014,0,5,5
2280,43,1,9003,1,4,2
2281,44,1,9003,1,9,6
2282,1,1,9254,1,9,9
2283,43,1,9238,1,1,2
2284,1,1,9070,1,4,4
2285,42,1,9147,1,9,9
2286,39,1,9991,0,6,8
2287,17,1,9254,1,3,3
2288,42,1,9119,1,5,5
2289,39,1,9991,0,2,7
2290,42,1,9119,1,2,2
2291,1,1,9238,1,5,10
2292,18,1,9147,1,90,90
2293,1,1,9773,1,9,9
2294,17,1,171,1,4,9
2295,17,3,9670,1,4,7
2296,43,2,9147,1,3,3
2297,1,1,9238,1,2,2
2298,1,1,9238,1,4,4
2299,39,1,9254,1,5,10
2300,44,1,9119,1,3,2
2301,17,1,9070,1,7,7
2302,1,1,9147,1,9,9
2303,18,5,9119,1,2,3
2304,17,1,9147,1,4,8
2305,1,3,9070,1,9,9
2306,7,1,9130,1,2,3
2307,43,2,9991,0,2,9
2308,1,1,9500,1,90,90
2309,17,3,9119,1,3,3
2310,1,1,9238,1,9,9
2311,1,1,9500,1,9,9
2312,1,1,9147,1,0,4
2313,44,1,9130,1,6,6
2314,1,1,9238,1,3,4
2315,1,1,9130,1,9,8
2316,39,1,9119,1,4,3
2317,39,1,9991,0,3,3
2318,1,1,9070,1,4,8
2319,17,1,9254,1,4,8
2320,39,1,9238,1,9,2
2321,43,1,9070,1,4,2
2322,39,1,9991,0,9,9
2323,39,1,9500,1,9,9
2324,18,1,9238,1,9,2
2325,39,1,9119,1,9,9
2326,51,1,9119,1,2,9
2327,39,1,9991,0,1,4
2328,1,1,171,1,9,2
2329,39,1,9070,1,5,10
2330,43,5,8014,0,0,0
2331,39,1,9003,1,9,7
2332,39,1,9003,1,4,10
2333,1,6,171,1,4,4
2334,1,1,9670,1,9,9
2335,17,4,9070,1,3,3
2336,43,1,9991,0,9,4
2337,39,1,9130,1,9,9
2338,17,5,9119,1,5,9
2339,17,1,9119,1,9,9
2340,39,1,9003,1,9,10
2341,17,4,9119,1,9,4
2342,43,1,9003,1,4,1
2343,17,2,9991,0,9,4
2344,17,1,9500,1,2,2
2345,53,1,9085,1,3,8
2346,43,1,9670,1,4,8
2347,18,1,9119,1,4,3
2348,39,1,9670,1,3,3
2349,39,1,9254,1,9,9
2350,18,1,9500,1,4,9
2351,44,1,9130,1,3,6
2352,1,1,9130,1,1,2
2353,17,1,9670,1,9,9
2354,1,2,9085,1,90,90
2355,17,4,9670,1,2,3
2356,1,1,171,1,4,3
2357,44,1,9003,1,6,6
2358,39,1,9003,1,2,2
2359,17,5,9254,1,2,3
2360,39,1,9119,1,9,7
2361,42,1,9773,1,4,3
2362,1,5,9147,1,9,9
2363,44,1,9119,1,4,5
2364,1,1,9003,1,9,9
2365,18,1,9773,1,4,7
2366,1,1,171,1,7,4
2367,17,1,9130,1,2,8
2368,1,1,9773,1,4,6
2369,39,1,9130,1,4,5
2370,44,1,9003,1,4,5
2371,1,5,171,1,9,2
2372,17,3,171,1,2,5
2373,1,2,9670,1,3,5
2374,39,1,9130,1,9,5
2375,1,1,9670,1,5,8
2376,39,1,9147,1,7,3
2377,39,1,9147,1,9,9
2378,43,1,9991,0,2,2
2379,1,1,9130,1,9,7
2380,17,1,9254,1,4,7
2381,1,3,9070,1,5,7
2382,7,1,9119,1,4,4
2383,53,1,9003,1,9,9
2384,17,1,9119,1,4,5
2385,44,1,9070,1,4,0
2386,1,5,9773,1,5,2
2387,1,1,171,1,5,7
2388,17,4,9147,1,5,5
2389,39,2,9238,1,5,5
2390,39,1,9003,1,9,1
2391,43,1,9003,1,5,4
2392,1,1,9147,1,9,5
2393,1,1,9254,1,4,5
2394,17,3,9147,1,6,5
2395,43,1,9773,1,9,7
2396,39,1,9003,1,4,5
2397,1,2,9773,1,4,4
2398,17,2,9773,1,2,3
2399,17,1,9500,1,5,5
2400,39,1,8014,0,9,1
2401,39,1,9991,0,9,9
2402,1,1,9147,1,9,3
2403,1,1,9500,1,5,10
2404,1,1,9500,1,9,9
2405,39,1,8014,0,9,9
2406,39,1,171,1,7,7
2407,39,1,9500,1,5,5
2408,18,1,9991,0,2,2
2409,39,1,9991,0,9,9
2410,7,1,9119,1,90,90
2411,39,1,8014,0,90,90
2412,39,2,9991,0,9,9
2413,39,2,8014,0,0,0
2414,43,2,9147,1,9,9
2415,43,2,9238,1,0,5
2416,17,2,9070,1,9,9
2417,43,1,9991,0,9,9
2418,53,1,171,1,9,9
2419,39,1,9003,1,192,144
2420,39,1,9085,1,9,10
2421,39,1,9991,0,5,5
2422,39,1,9003,1,9,9
2423,39,1,9003,1,9,8
2424,39,2,9119,1,5,5
2425,39,2,9147,1,9,9
2426,39,2,9991,0,9,9
2427,39,2,9670,1,9,9
2428,39,1,9003,1,4,10
2429,42,1,9119,1,0,0
2430,1,1,9773,1,6,3
2431,1,1,9991,0,9,9
2432,1,3,9773,1,9,7
2433,17,4,9119,1,5,7
2434,43,1,9085,1,9,7
2435,42,1,9119,1,5,8
2436,39,1,9003,1,2,6
2437,1,4,9119,1,9,5
2438,7,1,9003,1,9,7
2439,43,1,9670,1,0,0
2440,18,3,9147,1,4,7
2441,39,1,8014,0,6,6
2442,43,1,9670,1,0,0
2443,39,1,9003,1,4,6
2444,1,1,9853,1,0,0
2445,39,1,9500,1,9,9
2446,7,1,9991,0,6,6
2447,39,1,9254,1,9,10
2448,39,1,9119,1,9,4
2449,7,1,9991,0,9,9
2450,1,1,171,1,5,9
2451,39,1,9003,1,9,10
2452,1,1,9085,1,9,9
2453,15,1,171,1,2,9
2454,18,1,9119,1,3,5
2455,44,1,9003,1,5,5
2456,39,1,9070,1,7,7
2457,1,1,9147,1,4,8
2458,17,2,9119,1,5,5
2459,1,1,9147,1,9,9
2460,39,1,9773,1,7,4
2461,18,3,9254,1,9,6
2462,1,1,171,1,2,2
2463,17,5,9254,1,9,9
2464,39,1,9991,0,9,9
2465,39,1,9130,1,9,10
2466,1,1,9119,1,9,9
2467,44,1,9003,1,9,1
2468,43,1,9070,1,8,7
2469,39,2,9147,1,9,9
2470,44,1,9130,1,2,5
2471,39,1,9085,1,90,90
2472,1,1,9670,1,9,9
2473,39,1,9003,1,1,6
2474,1,1,9773,1,2,5
2475,39,1,8014,0,9,9
2476,43,2,9500,1,4,4
2477,1,1,9254,1,9,9
2478,1,1,9500,1,4,7
2479,1,2,9147,1,9,4
2480,43,1,171,1,2,2
2481,1,1,9070,1,5,5
2482,39,1,9991,0,5,5
2483,53,1,9003,1,9,6
2484,39,1,9147,1,9,5
2485,39,1,9003,1,9,9
2486,39,1,9670,1,90,99
2487,18,1,9147,1,9,7
2488,17,6,9147,1,5,6
2489,1,2,9254,1,2,8
2490,17,2,9773,1,4,4
2491,1,2,9147,1,9,6
2492,51,1,8014,0,4,4
2493,39,1,9003,1,8,7
2494,1,1,9773,1,9,9
2495,39,1,9773,1,0,0
2496,1,1,171,1,9,9
2497,1,2,8014,0,9,10
2498,39,1,171,1,2,7
2499,39,1,9238,1,9,9
2500,44,1,9085,1,1,1
2501,39,1,8014,0,9,1
2502,51,1,33,1,5,7
2503,39,1,9500,1,5,5
2504,18,3,9853,1,9,5
2505,1,6,9500,1,9,9
2506,1,1,9556,1,4,9
2507,39,1,8014,0,9,7
2508,17,1,171,1,9,7
2509,43,1,9070,1,9,7
2510,10,2,9773,1,3,5
2511,15,1,9500,1,122,4
2512,17,4,9500,1,2,2
2513,10,2,9085,1,4,9
2514,1,1,9670,1,4,3
2515,17,4,9119,1,191,171
2516,17,1,9070,1,1,5
2517,1,3,9500,1,9,5
2518,17,1,9254,1,5,4
2519,1,3,9773,1,5,5
2520,1,6,9254,1,5,7
2521,1,2,9254,1,7,4
2522,17,6,9500,1,7,7
2523,17,1,9853,1,5,5
2524,17,4,9238,1,9,5
2525,1,2,9085,1,4,7
2526,1,4,9070,1,9,7
2527,17,6,9500,1,7,7
2528,17,2,9773,1,2,6
2529,17,1,9147,1,4,8
2530,17,1,9773,1,4,7
2531,44,1,9003,1,9,6
2532,16,2,9238,1,3,5
2533,17,1,9130,1,2,6
2534,1,1,9238,1,8,7
2535,17,2,9853,1,1,5
2536,43,1,9130,1,3,2
2537,1,1,9670,1,7,7
2538,15,1,9670,1,2,7
2539,18,1,9130,1,9,5
2540,7,1,9147,1,4,7
2541,1,1,9853,1,4,5
2542,17,2,9556,1,9,9
2543,17,1,9070,1,4,3
2544,44,1,9003,1,6,3
2545,1,3,9773,1,2,8
2546,1,1,9238,1,9,5
2547,1,5,9500,1,7,7
2548,1,2,9773,1,9,9
2549,17,2,9254,1,5,3
2550,43,1,8014,0,9,9
2551,17,3,9070,1,4,4
2552,1,1,8014,0,5,5
2553,17,1,9991,0,0,0
2554,18,4,9119,1,194,175
2555,1,1,9119,1,5,8
2556,15,1,9147,1,2,3
2557,1,2,171,1,2,2
2558,43,1,9147,1,141,171
2559,1,1,9773,1,5,10
2560,17,5,9853,1,2,7
2561,1,3,9500,1,7,7
2562,39,1,9500,1,2,10
2563,1,1,9238,1,2,4
2564,1,1,9254,1,5,5
2565,15,1,9238,1,9,6
2566,17,1,9500,1,5,4
2567,39,1,8014,0,9,8
2568,39,1,9147,1,9,7
2569,1,2,9773,1,3,9
2570,1,4,9500,1,9,7
2571,1,1,9500,1,9,9
2572,1,1,9238,1,4,10
2573,1,4,9500,1,9,9
2574,16,3,9773,1,4,9
2575,39,1,8014,0,7,5
2576,44,1,9085,1,9,9
2577,1,4,9254,1,9,7
2578,17,4,9500,1,5,8
2579,1,1,9238,1,9,9
2580,1,1,9238,1,4,7
2581,39,1,9003,1,4,7
2582,1,1,9147,1,9,5
2583,39,1,9991,0,9,8
2584,1,1,9853,1,9,4
2585,17,2,8014,0,0,0
2586,18,2,9147,1,5,5
2587,1,4,9147,1,4,6
2588,17,1,9853,1,9,10
2589,1,4,9853,1,5,9
2590,39,1,9003,1,9,9
2591,1,1,9853,1,9,9
2592,7,1,9147,1,9,8
2593,39,1,9556,1,4,5
2594,17,1,9147,1,7,7
2595,17,1,9070,1,5,9
2596,1,1,9070,1,5,9
2597,43,1,171,1,9,9
2598,17,3,9085,1,5,5
2599,17,3,9853,1,7,7
2600,17,3,9853,1,5,9
2601,17,1,9254,1,4,9
2602,1,3,9238,1,5,8
2603,1,5,9085,1,9,8
2604,17,1,9238,1,7,5
2605,44,1,9085,1,192,192
2606,10,1,9085,1,5,5
2607,1,1,9773,1,9,7
2608,17,4,9254,1,5,5
2609,43,1,9991,0,9,9
2610,17,2,9500,1,5,8
2611,17,2,9773,1,5,5
2612,1,1,9130,1,5,5
2613,39,1,9991,0,4,9
2614,1,4,9119,1,2,9
2615,1,1,9130,1,9,9
2616,17,1,9853,1,5,7
2617,17,1,9254,1,5,4
2618,17,2,9853,1,5,5
2619,44,1,9238,1,5,5
2620,42,1,9070,1,2,2
2621,1,1,9070,1,9,9
2622,51,1,8014,0,134,193
2623,43,1,9991,0,9,8
2624,1,4,9773,1,3,9
2625,39,1,9991,0,9,9
2626,1,1,9500,1,4,3
2627,1,1,9500,1,4,4
2628,1,1,9147,1,7,7
2629,39,9,9991,0,9,5
2630,39,1,9991,0,9,7
2631,17,1,9254,1,0,5
2632,43,1,9500,1,7,4
2633,1,4,9500,1,4,4
2634,1,1,9670,1,7,5
2635,39,2,9556,1,2,4
2636,1,2,9254,1,9,9
2637,16,2,171,1,2,2
2638,17,1,9147,1,9,7
2639,1,2,171,1,4,7
2640,39,1,9119,1,9,9
2641,1,1,9773,1,9,9
2642,17,5,9670,1,2,2
2643,39,1,9991,0,5,4
2644,39,1,9003,1,6,4
2645,1,1,171,1,7,7
2646,43,1,9070,1,3,7
2647,44,1,9003,1,9,5
2648,43,1,8014,0,9,10
2649,1,1,9500,1,9,8
2650,1,1,9500,1,2,8
2651,7,1,9003,1,2,10
2652,1,1,9670,1,4,5
2653,39,2,9147,1,5,7
2654,17,5,9500,1,2,1
2655,39,1,9500,1,9,9
2656,16,1,171,1,5,10
2657,17,2,9853,1,9,9
2658,1,1,171,1,5,5
2659,1,1,9254,1,3,3
2660,39,1,9991,0,3,9
2661,39,1,9773,1,9,7
2662,1,1,9500,1,3,5
2663,39,1,9991,0,5,5
2664,39,1,9991,0,9,3
2665,39,1,9773,1,9,10
2666,17,4,9070,1,9,9
2667,39,1,9991,0,4,4
2668,39,1,9500,1,9,7
2669,39,1,8014,0,9,9
2670,17,5,9119,1,5,5
2671,39,1,9991,0,1,4
2672,1,2,9254,1,9,8
2673,39,1,9991,0,99,99
2674,17,1,9670,1,5,5
2675,1,1,9254,1,1,1
2676,42,1,9556,1,9,6
2677,43,1,9991,0,9,9
2678,44,1,9003,1,134,134
2679,39,1,9991,0,175,103
2680,43,1,9500,1,0,0
2681,39,1,9500,1,7,8
2682,7,1,9991,0,6,7
2683,17,1,9085,1,5,9
2684,7,1,9003,1,5,9
2685,1,2,9119,1,141,192
2686,51,1,9147,1,9,8
2687,42,1,9119,1,90,90
2688,1,1,9119,1,9,9
2689,17,1,9773,1,90,8
2690,17,1,9147,1,9,7
2691,1,1,9147,1,9,10
2692,17,4,9147,1,4,4
2693,1,1,9003,1,9,4
2694,1,2,9773,1,4,3
2695,39,1,9500,1,144,123
2696,39,1,9254,1,3,1
2697,17,1,9670,1,191,171
2698,44,1,9070,1,9,7
2699,1,1,9500,1,9,9
2700,1,1,171,1,4,3
2701,42,1,9003,1,2,2
2702,17,1,9119,1,7,3
2703,44,1,9003,1,1,9
2704,17,1,9670,1,4,4
2705,39,2,9147,1,4,1
2706,1,1,9130,1,2,2
2707,1,1,9147,1,9,5
2708,5,3,9070,1,9,6
2709,39,1,9556,1,9,2
2710,17,1,9254,1,9,6
2711,43,1,8014,0,0,6
2712,1,2,9147,1,7,9
2713,43,1,9130,1,3,4
2714,39,1,9085,1,5,5
2715,1,5,9500,1,9,9
2716,39,2,9556,1,9,9
2717,15,1,9670,1,9,4
2718,1,1,9500,1,3,4
2719,1,4,9085,1,1,4
2720,1,2,9085,1,9,8
2721,17,2,9147,1,2,2
2722,43,1,9085,1,2,5
2723,17,2,9147,1,9,3
2724,39,1,9500,1,7,7
2725,1,1,9130,1,2,2
2726,44,1,9085,1,9,9
2727,17,2,9500,1,5,7
2728,39,1,9085,1,2,9
2729,1,1,9130,1,5,8
2730,1,1,9238,1,5,5
2731,1,1,9238,1,3,10
2732,1,1,9500,1,4,4
2733,17,2,9238,1,4,10
2734,1,4,9773,1,9,10
2735,1,1,9500,1,9,9
2736,17,4,9500,1,9,9
2737,1,1,9130,1,2,4
2738,17,2,9147,1,6,6
2739,1,4,9085,1,9,9
2740,1,2,9070,1,9,9
2741,17,1,8014,0,0,0
2742,1,1,9238,1,4,4
2743,1,1,9238,1,3,3
2744,39,1,9254,1,4,7
2745,1,2,9853,1,9,8
2746,1,1,9500,1,191,163
2747,42,1,9003,1,2,6
2748,39,1,9991,0,9,9
2749,39,1,9991,0,9,7
2750,39,1,9119,1,4,7
2751,39,1,9670,1,3,5
2752,39,1,8014,0,6,8
2753,43,1,9991,0,9,7
2754,7,1,9991,0,9,7
2755,7,1,9238,1,5,5
2756,39,2,9147,1,9,9
2757,44,1,9085,1,2,2
2758,44,1,9003,1,3,5
2759,44,1,9003,1,9,6
2760,39,1,9500,1,3,7
2761,43,1,8014,0,9,5
2762,39,1,8014,0,5,5
2763,43,1,8014,0,90,90
2764,39,1,9991,0,9,9
2765,16,4,9500,1,4,4
2766,7,1,9500,1,7,7
2767,17,3,8014,0,5,90
2768,17,1,9147,1,6,10
2769,1,1,9500,1,9,8
2770,17,6,9556,1,7,7
2771,1,4,9500,1,9,9
2772,1,1,9500,1,3,8
2773,42,3,9500,1,4,4
2774,1,4,9500,1,5,10
2775,1,4,9500,1,9,5
2776,17,2,171,1,9,9
2777,43,2,9670,1,5,5
2778,7,0,9003,1,4,9
2779,1,2,9238,1,4,7
2780,1,3,9500,1,5,7
2781,1,1,9853,1,9,9
2782,43,1,9773,1,5,5
2783,1,1,9238,1,9,7
2784,1,1,9070,1,5,7
2785,1,1,8014,0,9,7
2786,39,1,9773,1,5,4
2787,1,3,9670,1,7,7
2788,39,1,9670,1,7,7
2789,39,1,171,1,9,7
2790,17,1,9147,1,5,7
2791,1,1,9085,1,9,3
2792,39,1,8014,0,7,7
2793,1,1,171,1,9,8
2794,39,1,9991,0,9,9
2795,39,1,9500,1,9,3
2796,39,1,9500,1,9,9
2797,1,2,9670,1,7,7
2798,42,1,9500,1,9,3
2799,42,1,9119,1,5,7
2800,1,1,9254,1,3,8
2801,44,1,9130,1,2,4
2802,1,1,9773,1,4,7
2803,1,3,9085,1,9,1
2804,1,1,9238,1,9,9
2805,1,4,9500,1,9,9
2806,18,2,9773,1,9,7
2807,1,1,9670,1,5,7
2808,1,1,9773,1,9,9
2809,1,3,9500,1,131,181
2810,1,1,9853,1,9,9
2811,39,1,9500,1,1,90
2812,17,5,9500,1,4,3
2813,1,1,9238,1,9,9
2814,1,1,171,1,2,10
2815,17,1,9238,1,9,5
2816,1,1,9500,1,9,6
2817,1,1,9147,1,9,7
2818,7,1,8014,0,0,0
2819,43,1,9773,1,5,5
2820,18,6,9500,1,3,6
2821,18,5,9085,1,2,3
2822,44,1,9238,1,4,9
2823,17,1,9670,1,4,4
2824,1,5,9500,1,4,8
2825,17,1,9130,1,4,4
2826,1,2,9670,1,4,7
2827,39,1,9991,0,9,6
2828,1,2,9070,1,2,2
2829,17,1,171,1,9,9
2830,17,5,9147,1,3,10
2831,17,3,9147,1,4,7
2832,39,1,9003,1,2,2
2833,1,2,9670,1,9,9
2834,39,1,9085,1,7,7
2835,43,1,9147,1,7,10
2836,39,1,9991,0,0,0
2837,39,2,9147,1,9,8
2838,39,1,9991,0,9,5
2839,1,2,9085,1,4,9
2840,39,1,9085,1,6,6
2841,39,1,9003,1,9,6
2842,39,1,9070,1,2,5
2843,1,1,9991,0,9,9
2844,39,1,9991,0,9,9
2845,44,1,9003,1,9,6
2846,39,2,9556,1,99,99
2847,39,1,9773,1,9,6
2848,42,1,9147,1,9,9
2849,44,1,9085,1,4,2
2850,18,2,9773,1,4,4
2851,1,3,9773,1,4,5
2852,53,1,9003,1,144,144
2853,18,3,9070,1,5,3
2854,1,1,9500,1,9,10
2855,17,1,9500,1,9,9
2856,1,1,9773,1,3,3
2857,1,1,171,1,4,3
2858,1,2,9670,1,4,4
2859,43,1,8014,0,0,0
2860,43,1,9238,1,9,9
2861,1,1,9085,1,2,2
2862,39,1,8014,0,9,9
2863,43,1,9853,1,6,6
2864,17,2,9773,1,5,5
2865,39,1,9147,1,9,9
2866,39,1,8014,0,90,90
2867,39,1,9003,1,9,9
2868,39,1,9147,1,9,10
2869,39,1,9991,0,9,9
2870,1,1,171,1,2,2
2871,39,1,9500,1,9,6
2872,43,1,9991,0,5,6
2873,42,1,9254,1,4,9
2874,39,1,9991,0,90,90
2875,51,1,9147,1,9,10
2876,39,1,9556,1,4,4
2877,39,1,8014,0,9,7
2878,42,1,9853,1,4,7
2879,39,1,8014,0,5,7
2880,39,1,8014,0,9,7
2881,43,1,9238,1,5,5
2882,39,1,9991,0,9,9
2883,39,1,8014,0,9,9
2884,7,1,9003,1,6,6
2885,39,1,8014,0,5,7
2886,39,1,9991,0,9,9
2887,1,1,9853,1,9,9
2888,17,1,9238,1,9,7
2889,17,4,9670,1,9,6
2890,39,1,8014,0,0,0
2891,39,1,9991,0,3,9
2892,1,2,9670,1,4,7
2893,43,1,8014,0,0,0
2894,17,4,9853,1,9,9
2895,1,1,8014,0,9,9
2896,39,1,9991,0,6,6
2897,43,1,9500,1,2,2
2898,18,6,9500,1,3,8
2899,17,2,171,1,3,3
2900,43,1,9991,0,9,8
2901,7,1,8014,0,4,4
2902,39,1,9556,1,9,9
2903,17,1,9238,1,3,3
2904,39,1,8014,0,9,7
2905,17,1,9773,1,2,3
2906,39,2,8014,0,7,5
2907,1,4,9500,1,4,9
2908,43,1,9085,1,90,90
2909,44,1,9003,1,3,9
2910,17,2,9773,1,3,3
2911,1,6,9500,1,4,4
2912,43,4,9085,1,99,99
2913,1,2,9238,1,0,8
2914,39,2,9147,1,9,9
2915,39,1,8014,0,9,9
2916,7,1,8014,0,9,9
2917,1,1,9500,1,7,7
2918,43,1,9991,0,9,9
2919,39,1,9003,1,9,9
2920,1,1,171,1,4,7
2921,39,1,8014,0,4,5
2922,39,1,9238,1,4,4
2923,39,1,9670,1,0,0
2924,39,1,9500,1,6,6
2925,1,1,9773,1,9,7
2926,44,1,8014,0,4,6
2927,1,1,9147,1,9,7
2928,1,1,171,1,9,3
2929,1,3,9500,1,4,4
2930,39,1,9991,0,90,90
2931,1,1,9130,1,0,4
2932,39,1,9991,0,6,6
2933,1,6,9500,1,9,9
2934,39,1,8014,0,0,0
2935,43,1,9773,1,90,90
2936,44,1,9085,1,6,6
2937,43,5,9853,1,0,0
2938,39,1,9991,0,9,3
2939,39,1,8014,0,6,5
2940,39,1,8014,0,9,9
2941,39,2,9556,1,9,2
2942,1,1,171,1,2,4
2943,39,1,9003,1,9,1
2944,1,4,9500,1,2,3
2945,39,1,9853,1,9,5
2946,44,1,9853,1,2,7
2947,17,6,9670,1,3,10
2948,1,6,9853,1,5,5
2949,39,1,9085,1,4,2
2950,1,1,9003,1,5,5
2951,1,3,9085,1,4,8
2952,39,2,9670,1,9,9
2953,39,1,171,1,9,9
2954,39,1,9238,1,9,9
2955,1,1,171,1,9,9
2956,7,1,9500,1,9,5
2957,39,1,8014,0,9,9
2958,39,1,9853,1,3,7
2959,39,1,9254,1,2,2
2960,1,1,9670,1,9,1
2961,1,1,9500,1,9,9
2962,18,3,9070,1,3,4
2963,1,1,9991,0,4,9
2964,1,1,9070,1,9,9
2965,17,1,9147,1,7,3
2966,42,1,9500,1,3,3
2967,17,4,9500,1,2,1
2968,39,2,8014,0,90,90
2969,39,1,9670,1,4,2
2970,43,2,9238,1,4,5
2971,39,1,9991,0,9,5
2972,5,1,9085,1,4,4
2973,16,6,9147,1,9,9
2974,1,1,171,1,123,103
2975,43,1,9991,0,1,1
2976,1,2,9254,1,9,9
2977,42,1,9853,1,3,2
2978,1,3,9070,1,5,7
2979,1,1,9085,1,1,1
2980,17,4,9773,1,5,7
2981,1,1,9070,1,9,9
2982,17,6,9500,1,5,5
2983,7,1,9853,1,4,5
2984,42,4,9500,1,2,9
2985,17,1,9070,1,9,9
2986,43,2,9853,1,5,4
2987,39,1,8014,0,0,0
2988,17,1,171,1,3,3
2989,1,2,9254,1,9,7
2990,1,1,9130,1,9,9
2991,18,1,9500,1,3,3
2992,1,2,9773,1,3,2
2993,39,1,8014,0,5,6
2994,17,1,9773,1,9,8
2995,17,5,9500,1,5,5
2996,17,1,9238,1,0,5
2997,17,1,9147,1,2,2
2998,1,1,9130,1,4,8
2999,39,1,8014,0,90,90
3000,39,1,9500,1,2,5
3001,1,2,9500,1,2,10
3002,1,3,9773,1,5,3
3003,17,3,9556,1,9,4
3004,17,1,9147,1,9,9
3005,1,4,9500,1,7,7
3006,1,4,9147,1,4,5
3007,17,5,9147,1,4,5
3008,1,1,9130,1,2,9
3009,1,4,9500,1,3,6
3010,17,1,9085,1,2,3
3011,1,1,9085,1,6,6
3012,16,1,9500,1,9,9
3013,17,1,9670,1,3,3
3014,1,6,9500,1,7,7
3015,1,4,9500,1,5,6
3016,53,1,9085,1,4,8
3017,1,1,9500,1,1,5
3018,16,2,9085,1,9,9
3019,17,6,9238,1,1,2
3020,17,1,9130,1,5,3
3021,1,1,9500,1,2,3
3022,17,1,9853,1,4,10
3023,1,2,171,1,9,9
3024,1,1,171,1,9,7
3025,1,6,9500,1,4,9
3026,1,4,9773,1,2,3
3027,1,4,9773,1,4,3
3028,39,1,8014,0,9,6
3029,17,6,9147,1,9,9
3030,7,1,9853,1,9,9
3031,43,1,9500,1,5,2
3032,18,2,9500,1,5,5
3033,5,2,9238,1,2,9
3034,1,1,9085,1,2,2
3035,1,1,9254,1,4,4
3036,1,2,9500,1,2,2
3037,1,1,9670,1,9,10
3038,1,1,9773,1,9,9
3039,1,1,9853,1,9,9
3040,1,3,9773,1,9,9
3041,17,5,9500,1,9,4
3042,17,4,9670,1,7,7
3043,1,1,9070,1,3,3
3044,5,5,9254,1,9,7
3045,17,2,9853,1,3,9
3046,1,1,9085,1,9,7
3047,1,4,9773,1,0,90
3048,1,1,9147,1,3,3
3049,1,2,9085,1,5,7
3050,39,1,9556,1,9,6
3051,42,1,9147,1,2,5
3052,16,1,9085,1,9,9
3053,17,1,9085,1,0,90
3054,17,1,9238,1,9,6
3055,7,1,9130,1,9,6
3056,17,2,9773,1,9,6
3057,1,1,8014,0,0,0
3058,1,4,9500,1,8,7
3059,1,3,9500,1,9,9
3060,1,2,9773,1,5,6
3061,17,2,9254,1,9,9
3062,17,3,9670,1,4,4
3063,39,1,9773,1,171,163
3064,17,2,9238,1,7,7
3065,17,2,9254,1,9,7
3066,44,1,9070,1,4,10
3067,1,3,9500,1,5,2
3068,39,1,9556,1,9,8
3069,39,1,9085,1,10,9
3070,1,3,9670,1,5,5
3071,39,1,8014,0,4,4
3072,44,1,9238,1,4,5
3073,39,1,9119,1,9,4
3074,2,1,9147,1,9,9
3075,1,1,9670,1,123,112
3076,39,1,9670,1,4,4
3077,43,1,9119,1,9,2
3078,1,1,9670,1,4,9
3079,44,1,9085,1,4,8
3080,39,1,9991,0,5,5
3081,1,6,9500,1,3,5
3082,18,1,9070,1,7,5
3083,1,1,9130,1,2,9
3084,1,1,9070,1,9,3
3085,7,1,9147,1,9,9
3086,43,1,9991,0,9,9
3087,1,6,9147,1,4,4
3088,39,1,9500,1,9,9
3089,39,1,9991,0,9,7
3090,1,1,9238,1,9,9
3091,17,1,9853,1,9,7
3092,1,1,8014,0,6,10
3093,43,1,9500,1,90,3
3094,17,2,9254,1,7,7
3095,1,4,9238,1,9,9
3096,39,1,8014,0,9,9
3097,17,4,9773,1,9,9
3098,1,1,9238,1,9,9
3099,17,1,8014,0,4,7
3100,1,1,9500,1,3,10
3101,17,4,9147,1,4,5
3102,39,1,9670,1,9,9
3103,1,1,171,1,9,9
3104,17,4,9238,1,4,7
3105,39,1,9085,1,1,4
3106,1,6,9500,1,4,5
3107,1,1,9500,1,9,10
3108,1,5,9773,1,4,5
3109,1,1,9147,1,3,9
3110,42,1,171,1,1,4
3111,17,4,9500,1,4,4
3112,17,4,9254,1,4,4
3113,1,1,9670,1,2,9
3114,1,1,9773,1,9,7
3115,1,1,9238,1,5,8
3116,1,5,9500,1,7,9
3117,1,4,9773,1,9,7
3118,17,1,9254,1,3,10
3119,1,1,9085,1,1,1
3120,1,1,9991,0,6,3
3121,1,1,9556,1,7,9
3122,17,5,9670,1,7,7
3123,1,1,9500,1,9,9
3124,17,3,9500,1,7,7
3125,43,1,9238,1,0,0
3126,17,1,9238,1,9,8
3127,18,1,9147,1,9,5
3128,1,6,9147,1,4,9
3129,1,1,9773,1,4,9
3130,17,1,9238,1,3,4
3131,1,3,9500,1,9,8
3132,1,1,9130,1,2,4
3133,1,6,9500,1,4,4
3134,17,1,9500,1,2,10
3135,1,1,171,1,4,3
3136,1,1,9085,1,9,7
3137,39,1,9085,1,4,7
3138,1,1,9773,1,4,3
3139,1,1,9853,1,2,7
3140,39,1,9085,1,9,10
3141,17,2,9147,1,4,5
3142,1,1,9147,1,2,9
3143,17,1,9500,1,9,9
3144,1,1,9238,1,9,8
3145,43,1,9991,0,9,7
3146,1,1,9238,1,5,5
3147,1,5,9500,1,3,4
3148,17,3,9147,1,7,7
3149,39,1,9670,1,4,10
3150,1,1,9130,1,9,9
3151,1,1,171,1,4,4
3152,17,1,9773,1,123,135
3153,1,1,171,1,2,2
3154,1,5,9500,1,3,8
3155,1,2,9147,1,9,9
3156,43,1,9003,1,4,7
3157,1,1,9147,1,5,5
3158,17,1,9254,1,4,4
3159,43,1,9070,1,9,9
3160,1,2,171,1,9,9
3161,1,1,9254,1,9,9
3162,1,4,9500,1,9,9
3163,1,1,9238,1,5,7
3164,1,1,9085,1,9,9
3165,1,1,9085,1,2,7
3166,17,2,9853,1,2,3
3167,39,1,9991,0,9,8
3168,1,1,9254,1,4,2
3169,1,3,9500,1,8,7
3170,17,1,9147,1,4,8
3171,18,2,9853,1,9,2
3172,17,3,9254,1,5,7
3173,39,1,9556,1,9,6
3174,17,5,9238,1,5,7
3175,39,1,33,1,9,5
3176,1,4,9500,1,9,5
3177,1,1,9670,1,9,9
3178,1,1,9500,1,3,10
3179,43,1,9500,1,9,7
3180,17,1,9070,1,3,3
3181,39,1,9130,1,9,2
3182,43,1,8014,0,0,0
3183,39,1,9119,1,9,3
3184,1,1,9085,1,5,9
3185,17,2,9119,1,9,7
3186,39,1,9130,1,90,90
3187,1,1,9500,1,4,5
3188,17,1,9147,1,4,4
3189,1,1,171,1,3,5
3190,39,1,9003,1,9,5
3191,1,1,9670,1,9,9
3192,1,2,9147,1,4,5
3193,42,1,9070,1,3,1
3194,51,1,9991,0,5,3
3195,17,2,9773,1,2,5
3196,42,1,9003,1,4,2
3197,1,6,9147,1,1,6
3198,7,1,9254,1,3,3
3199,1,1,9500,1,9,9
3200,39,1,9238,1,8,8
3201,1,1,9773,1,4,1
3202,1,1,9773,1,4,4
3203,17,1,9773,1,2,3
3204,17,5,9773,1,4,4
3205,39,1,9991,0,7,9
3206,1,1,9147,1,1,5
3207,1,1,9773,1,3,3
3208,1,1,9238,1,4,6
3209,18,2,9070,1,5,5
3210,7,1,9003,1,6,2
3211,1,1,171,1,3,2
3212,1,1,9254,1,4,5
3213,44,1,9003,1,2,6
3214,1,4,9070,1,2,2
3215,1,6,9254,1,2,2
3216,17,2,9254,1,2,2
3217,1,5,9119,1,90,90
3218,43,1,8014,0,9,9
3219,39,1,9991,0,9,8
3220,17,3,9670,1,8,8
3221,39,1,9556,1,9,9
3222,1,1,9670,1,9,7
3223,17,1,9991,0,9,3
3224,39,1,9147,1,7,9
3225,43,1,9500,1,9,10
3226,1,1,9085,1,9,9
3227,44,1,9085,1,194,193
3228,1,2,9500,1,9,8
3229,1,6,9500,1,5,5
3230,39,1,9500,1,9,4
3231,39,1,9147,1,9,9
3232,1,2,9773,1,3,9
3233,17,3,9085,1,9,9
3234,1,2,9500,1,4,3
3235,1,2,9500,1,9,7
3236,17,1,9085,1,4,9
3237,1,1,9670,1,9,9
3238,17,4,9500,1,4,4
3239,1,1,9238,1,4,9
3240,39,1,9991,0,9,9
3241,43,1,9238,1,9,9
3242,39,1,8014,0,9,9
3243,1,1,9500,1,7,7
3244,17,3,9853,1,5,7
3245,43,1,9773,1,4,8
3246,17,1,9773,1,2,2
3247,17,5,9085,1,4,7
3248,17,5,9147,1,5,5
3249,1,3,9070,1,5,5
3250,7,1,9556,1,9,9
3251,17,4,9147,1,6,7
3252,43,1,9130,1,4,90
3253,44,1,9130,1,9,2
3254,15,1,9085,1,4,2
3255,17,6,9670,1,4,5
3256,1,2,9500,1,9,7
3257,39,1,9003,1,9,4
3258,44,1,9147,1,9,3
3259,17,2,9500,1,9,9
3260,1,1,9085,1,4,10
3261,1,3,9147,1,3,8
3262,39,1,8014,0,9,4
3263,1,2,9085,1,9,9
3264,1,1,9853,1,7,7
3265,17,1,9238,1,144,181
3266,17,2,9670,1,3,1
3267,39,1,9991,0,9,5
3268,39,1,9500,1,9,8
3269,43,2,9773,1,0,0
3270,1,1,9254,1,9,9
3271,39,1,8014,0,9,9
3272,42,1,9147,1,9,9
3273,43,1,9500,1,9,6
3274,39,1,9003,1,9,9
3275,7,1,9147,1,9,9
3276,51,1,33,1,9,9
3277,1,1,9147,1,9,9
3278,43,3,9147,1,3,3
3279,39,1,8014,0,9,8
3280,17,2,9556,1,7,7
3281,7,1,8014,0,90,90
3282,53,1,9147,1,175,152
3283,1,4,9254,1,9,9
3284,39,1,9991,0,9,6
3285,43,1,9991,0,5,5
3286,7,1,9556,1,9,9
3287,17,6,9670,1,0,1
3288,39,1,9991,0,4,6
3289,39,1,9003,1,9,7
3290,1,1,9238,1,5,5
3291,39,1,9003,1,9,7
3292,1,1,9238,1,0,0
3293,17,3,9500,1,9,5
3294,43,1,9500,1,9,10
3295,17,2,8014,0,5,10
3296,17,2,9500,1,7,7
3297,39,1,9500,1,3,7
3298,17,1,9238,1,9,7
3299,1,5,9500,1,7,7
3300,1,1,171,1,5,1
3301,17,1,9500,1,9,7
3302,17,1,9500,1,9,8
3303,1,4,9085,1,9,9
3304,44,1,8014,0,9,7
3305,1,3,9773,1,3,5
3306,43,1,9254,1,9,3
3307,7,1,8014,0,5,3
3308,1,6,9500,1,1,4
3309,39,1,9500,1,9,7
3310,39,1,8014,0,9,7
3311,1,2,9085,1,3,7
3312,51,1,9070,1,3,7
3313,1,1,9254,1,9,10
3314,43,1,9991,0,1,1
3315,1,1,9991,0,9,9
3316,7,1,9119,1,1,1
3317,1,1,171,1,4,9
3318,43,1,9991,0,9,9
3319,16,2,9070,1,3,1
3320,1,1,9773,1,5,9
3321,1,6,9147,1,7,7
3322,17,4,9147,1,0,4
3323,17,3,9119,1,3,3
3324,39,1,171,1,5,2
3325,1,1,171,1,2,2
3326,43,1,9991,0,9,9
3327,39,1,9130,1,4,1
3328,39,1,9119,1,9,9
3329,17,1,9147,1,4,4
3330,1,1,9238,1,9,9
3331,43,1,9254,1,9,9
3332,17,1,9119,1,9,9
3333,39,2,9670,1,0,0
3334,1,6,9773,1,9,9
3335,17,4,9773,1,2,7
3336,44,1,9003,1,4,4
3337,43,1,9670,1,99,99
3338,39,1,9085,1,90,7
3339,17,1,9670,1,4,3
3340,1,3,9773,1,5,10
3341,17,1,9670,1,4,8
3342,1,1,9070,1,4,4
3343,1,1,9119,1,9,6
3344,39,1,9085,1,5,6
3345,1,1,9254,1,9,8
3346,39,1,9500,1,9,8
3347,39,1,9147,1,9,9
3348,39,1,9003,1,9,4
3349,51,1,9670,1,3,10
3350,1,1,8014,0,2,9
3351,44,1,9003,1,4,7
3352,39,1,9119,1,4,3
3353,1,1,9773,1,5,7
3354,1,1,9500,1,9,9
3355,39,2,9003,1,4,1
3356,44,1,9119,1,3,4
3357,43,1,9003,1,1,2
3358,39,1,9500,1,3,3
3359,1,1,9147,1,9,9
3360,17,4,9670,1,4,7
3361,1,1,9773,1,9,9
3362,1,4,9147,1,9,7
3363,7,1,9147,1,2,5
3364,17,3,9853,1,0,0
3365,1,1,9238,1,5,5
3366,1,1,9991,0,9,3
3367,1,4,9500,1,9,3
3368,1,6,9500,1,9,9
3369,17,1,9254,1,9,10
3370,7,1,9147,1,9,9
3371,1,6,9500,1,5,4
3372,17,2,9254,1,9,9
3373,17,1,9147,1,9,7
3374,1,1,9238,1,9,7
3375,44,1,9003,1,6,6
3376,17,1,9085,1,9,9
3377,1,1,9853,1,3,7
3378,1,1,9147,1,9,9
3379,1,4,9500,1,9,3
3380,39,1,9500,1,9,8
3381,26,1,9147,1,0,0
3382,17,1,9238,1,9,8
3383,7,1,9147,1,5,5
3384,1,1,9085,1,9,9
3385,1,1,9238,1,7,7
3386,1,2,9500,1,4,3
3387,17,1,9085,1,4,9
3388,1,4,171,1,9,5
3389,43,1,9238,1,5,5
3390,17,1,9853,1,9,9
3391,42,1,9500,1,4,9
3392,1,1,9070,1,9,9
3393,1,1,9147,1,9,9
3394,1,2,9147,1,3,7
3395,53,1,9085,1,4,9
3396,43,1,9147,1,2,9
3397,1,1,9500,1,9,7
3398,1,5,9500,1,4,4
3399,17,1,9070,1,5,5
3400,1,1,9238,1,9,9
3401,1,1,9670,1,7,7
3402,1,1,9773,1,9,5
3403,17,5,9500,1,9,7
3404,43,1,9991,0,9,9
3405,17,2,171,1,3,3
3406,16,3,9853,1,9,9
3407,1,3,9500,1,9,3
3408,1,6,9500,1,4,5
3409,1,5,9773,1,3,5
3410,5,1,9670,1,4,4
3411,17,4,9500,1,9,5
3412,17,1,9147,1,7,5
3413,1,4,9500,1,4,7
3414,17,3,9500,1,7,8
3415,17,6,9500,1,2,9
3416,1,1,9773,1,2,5
3417,1,1,9254,1,3,3
3418,1,1,9853,1,9,9
3419,17,1,9238,1,4,9
3420,1,1,9500,1,9,4
3421,44,1,9085,1,9,6
3422,17,1,9238,1,5,8
3423,39,1,9991,0,1,10
3424,1,1,9085,1,4,1
3425,43,2,9147,1,9,9
3426,18,1,9147,1,5,5
3427,1,1,9238,1,4,3
3428,43,1,8014,0,9,9
3429,7,1,9147,1,9,9
3430,51,1,9070,1,153,153
3431,1,3,9500,1,4,4
3432,1,1,9773,1,9,7
3433,17,6,9500,1,4,9
3434,1,1,9773,1,8,8
3435,1,2,9070,1,4,7
3436,1,1,9773,1,4,7
3437,43,1,9991,0,9,8
3438,39,2,9556,1,3,7
3439,17,2,9556,1,9,8
3440,17,1,9556,1,4,9
3441,1,1,9670,1,4,8
3442,17,4,9254,1,9,7
3443,1,2,9773,1,9,9
3444,1,2,9070,1,3,3
3445,1,5,9500,1,9,5
3446,16,1,9085,1,2,1
3447,1,1,171,1,5,8
3448,1,1,9773,1,9,6
3449,1,2,9500,1,2,2
3450,39,1,9991,0,9,9
3451,39,1,9500,1,5,6
3452,42,1,9500,1,4,4
3453,1,6,9500,1,9,9
3454,17,1,9147,1,9,9
3455,1,1,9238,1,6,5
3456,7,1,9238,1,9,9
3457,44,1,9003,1,9,7
3458,17,1,9238,1,1,1
3459,43,4,9991,0,9,9
3460,1,2,9500,1,9,7
3461,43,1,9500,1,9,9
3462,7,1,9085,1,7,7
3463,1,1,9853,1,9,9
3464,17,3,9070,1,4,4
3465,39,1,9147,1,9,9
3466,1,1,9147,1,3,10
3467,17,1,9853,1,3,4
3468,1,1,9991,0,9,9
3469,1,5,9500,1,7,7
3470,1,6,9500,1,7,9
3471,39,1,8014,0,0,10
3472,39,1,8014,0,9,9
3473,1,1,9147,1,0,0
3474,1,5,9119,1,5,3
3475,17,1,9085,1,191,174
3476,16,1,9003,1,4,9
3477,43,1,9991,0,9,9
3478,39,1,9238,1,9,3
3479,1,1,9254,1,9,7
3480,1,1,9500,1,9,7
3481,17,1,171,1,9,9
3482,44,1,9003,1,9,10
3483,39,1,9500,1,9,9
3484,39,1,9500,1,7,7
3485,39,1,9670,1,9,9
3486,1,2,9500,1,9,9
3487,1,1,9670,1,0,0
3488,39,1,9130,1,4,10
3489,1,1,9238,1,3,3
3490,1,1,171,1,9,9
3491,43,3,9991,0,9,9
3492,39,1,9991,0,7,8
3493,7,1,9119,1,9,9
3494,17,2,9670,1,5,8
3495,1,1,9003,1,9,7
3496,39,1,9991,0,5,8
3497,43,1,9991,0,7,8
3498,1,2,9773,1,5,7
3499,39,1,9003,1,191,193
3500,1,1,9147,1,9,9
3501,39,1,9070,1,9,10
3502,15,1,9670,1,9,9
3503,44,1,9003,1,9,6
3504,1,1,9670,1,5,9
3505,17,3,9147,1,5,7
3506,17,1,9254,1,5,1
3507,1,1,9670,1,4,9
3508,1,1,9147,1,9,7
3509,44,1,9070,1,9,9
3510,17,6,9500,1,4,3
3511,44,1,9130,1,4,7
3512,1,1,171,1,1,1
3513,39,1,9670,1,9,7
3514,39,1,9670,1,90,4
3515,43,1,9773,1,4,5
3516,17,1,171,1,2,9
3517,1,1,9119,1,9,9
3518,42,1,9254,1,134,112
3519,43,1,9991,0,9,9
3520,43,1,9991,0,2,1
3521,17,1,171,1,7,9
3522,1,1,9670,1,9,8
3523,43,4,9670,1,4,4
3524,39,1,9991,0,4,2
3525,44,1,9003,1,6,7
3526,39,1,9003,1,4,2
3527,43,1,9500,1,4,5
3528,18,3,9119,1,9,8
3529,1,1,9500,1,4,10
3530,1,3,9670,1,2,3
3531,42,1,9003,1,2,6
3532,1,1,9147,1,4,7
3533,39,1,9254,1,0,0
3534,39,1,9991,0,0,0
3535,51,1,9991,0,4,10
3536,39,1,9991,0,9,9
3537,39,2,9147,1,4,10
3538,17,5,9254,1,5,5
3539,1,1,9070,1,3,9
3540,17,1,9119,1,4,2
3541,17,1,9670,1,9,9
3542,39,1,9991,0,9,4
3543,17,1,9085,1,4,8
3544,39,1,9991,0,9,9
3545,17,3,9500,1,4,9
3546,17,4,9500,1,9,6
3547,43,1,9130,1,0,0
3548,39,1,9670,1,9,9
3549,1,1,9500,1,3,9
3550,1,1,9500,1,194,193
3551,39,1,9238,1,9,9
3552,43,1,9147,1,5,3
3553,44,1,9119,1,9,9
3554,17,1,9670,1,3,3
3555,44,1,9085,1,4,1
3556,39,1,9254,1,5,7
3557,39,1,9003,1,9,4
3558,1,4,9070,1,2,10
3559,1,1,9670,1,2,4
3560,39,1,9500,1,4,4
3561,17,5,9773,1,5,5
3562,39,1,9130,1,99,99
3563,44,1,9119,1,2,3
3564,44,1,9119,1,3,4
3565,39,1,9991,0,1,2
3566,43,1,9070,1,6,6
3567,1,6,9119,1,7,3
3568,17,5,9119,1,9,9
3569,39,1,9085,1,2,5
3570,17,2,9070,1,144,144
3571,17,1,9119,1,4,5
3572,43,1,9991,0,9,9
3573,1,2,9119,1,9,9
3574,1,1,9254,1,9,9
3575,1,1,9130,1,3,3
3576,17,3,9147,1,3,3
3577,42,1,9500,1,9,9
3578,17,4,9085,1,5,5
3579,1,1,9670,1,4,7
3580,44,1,9003,1,9,8
3581,1,1,9556,1,193,144
3582,39,1,9991,0,9,9
3583,17,6,9147,1,9,9
3584,39,1,8014,0,4,7
3585,39,1,33,1,9,9
3586,7,1,171,1,9,2
3587,43,1,9070,1,9,2
3588,18,1,9773,1,9,8
3589,7,1,9991,0,4,2
3590,1,3,9147,1,5,3
3591,17,3,9500,1,2,7
3592,7,1,9670,1,3,3
3593,1,3,9773,1,8,3
3594,1,1,9130,1,9,1
3595,44,1,9003,1,9,10
3596,44,1,9003,1,1,1
3597,16,2,9238,1,4,5
3598,16,4,9773,1,9,3
3599,43,1,9147,1,2,1
3600,18,4,171,1,9,5
3601,17,3,9773,1,3,3
3602,1,4,9773,1,9,7
3603,17,3,9119,1,141,193
3604,17,2,9773,1,9,9
3605,1,3,9773,1,2,4
3606,44,1,9070,1,4,4
3607,43,1,171,1,9,4
3608,17,1,9119,1,5,4
3609,1,1,171,1,9,9
3610,44,1,9119,1,9,5
3611,17,1,9670,1,4,4
3612,44,1,9085,1,5,7
3613,1,1,9119,1,3,3
3614,15,1,9119,1,2,2
3615,17,1,9670,1,5,4
3616,1,1,9119,1,9,8
3617,1,1,9238,1,9,7
3618,17,5,9773,1,7,7
3619,17,1,9238,1,9,9
3620,15,1,9085,1,9,9
3621,1,1,9500,1,3,3
3622,1,2,9238,1,9,9
3623,18,6,8014,0,2,4
3624,1,2,9147,1,2,4
3625,1,1,9238,1,7,5
3626,17,1,8014,0,0,0
3627,1,6,9773,1,4,4
3628,1,1,171,1,9,9
3629,1,1,9670,1,9,8
3630,1,3,9500,1,9,3
3631,1,3,9773,1,7,7
3632,44,1,9238,1,191,102
3633,39,1,9254,1,4,6
3634,1,2,9085,1,4,6
3635,42,1,9500,1,9,4
3636,1,1,9773,1,2,3
3637,39,1,9853,1,9,9
3638,1,4,9500,1,5,5
3639,1,1,9670,1,4,4
3640,1,3,9773,1,4,4
3641,1,2,9254,1,6,6
3642,17,2,8014,0,1,1
3643,17,1,9085,1,4,9
3644,1,3,9238,1,8,8
3645,17,3,9238,1,2,3
3646,39,1,9085,1,4,2
3647,17,1,9238,1,8,6
3648,1,4,9500,1,5,5
3649,39,1,9853,1,9,8
3650,43,1,9070,1,3,9
3651,43,1,9670,1,7,10
3652,17,1,9556,1,9,9
3653,44,1,9085,1,9,9
3654,1,1,9773,1,4,10
3655,44,1,9238,1,3,5
3656,1,2,9085,1,4,10
3657,1,5,9500,1,9,2
3658,1,1,9991,0,5,8
3659,44,1,9085,1,5,5
3660,1,3,9238,1,7,10
3661,1,1,9773,1,123,122
3662,1,1,9085,1,9,10
3663,17,1,9500,1,9,8
3664,1,6,9500,1,5,9
3665,39,1,9003,1,9,4
3666,42,1,9070,1,0,4
3667,42,1,9147,1,99,99
3668,1,1,9238,1,9,9
3669,42,1,9500,1,2,2
3670,1,1,171,1,4,4
3671,17,1,9085,1,9,9
3672,44,1,9085,1,4,7
3673,39,1,8014,0,144,141
3674,1,1,9070,1,3,5
3675,17,1,9070,1,9,3
3676,43,5,9238,1,9,7
3677,1,2,9773,1,5,0
3678,17,1,9670,1,141,114
3679,5,2,9853,1,3,3
3680,1,1,171,1,9,9
3681,39,1,9147,1,9,9
3682,39,1,9991,0,9,9
3683,18,1,171,1,5,5
3684,39,1,9147,1,9,7
3685,43,1,9003,1,4,10
3686,1,1,9147,1,0,0
3687,1,1,9147,1,9,7
3688,39,1,9238,1,9,10
3689,43,1,9130,1,1,1
3690,17,6,9147,1,9,4
3691,17,5,9119,1,4,5
3692,39,1,9670,1,7,7
3693,17,5,9119,1,9,7
3694,17,1,171,1,9,9
3695,39,1,9991,0,9,9
3696,43,1,9254,1,9,9
3697,17,1,9254,1,4,10
3698,1,1,9500,1,5,10
3699,1,1,9085,1,2,5
3700,17,3,9070,1,5,5
3701,1,1,9147,1,99,99
3702,1,1,9147,1,4,2
3703,39,1,9119,1,9,9
3704,18,2,9670,1,4,1
3705,51,1,9147,1,9,6
3706,1,1,9147,1,5,5
3707,17,3,171,1,5,10
3708,17,4,9070,1,9,10
3709,17,2,9670,1,5,3
3710,17,4,9085,1,151,151
3711,44,1,171,1,9,9
3712,39,1,9147,1,4,7
3713,43,1,33,1,1,1
3714,39,1,9670,1,9,3
3715,1,2,9147,1,5,3
3716,44,1,9130,1,2,10
3717,1,3,171,1,9,9
3718,43,1,9147,1,1,7
3719,17,1,9670,1,5,8
3720,44,1,9003,1,144,123
3721,7,1,9070,1,7,7
3722,39,1,9003,1,9,1
3723,17,2,9119,1,4,4
3724,1,2,9670,1,9,9
3725,44,1,9003,1,3,10
3726,43,2,9991,0,5,5
3727,17,6,9670,1,9,7
3728,51,1,8014,0,9,10
3729,1,1,9003,1,4,8
3730,43,1,9500,1,7,7
3731,51,1,9070,1,9,9
3732,1,3,171,1,1,1
3733,39,1,9238,1,7,7
3734,43,1,9147,1,9,5
3735,1,2,9500,1,9,9
3736,39,1,9119,1,9,9
3737,1,1,9254,1,2,4
3738,17,4,9119,1,9,3
3739,17,3,9119,1,9,7
3740,51,1,9670,1,3,10
3741,39,1,9119,1,9,3
3742,17,1,9670,1,7,9
3743,51,1,9085,1,4,2
3744,17,3,9853,1,4,0
3745,1,1,171,1,4,3
3746,1,1,9500,1,4,4
3747,43,1,9130,1,3,2
3748,1,3,9500,1,4,5
3749,1,4,9070,1,1,5
3750,17,2,9500,1,7,7
3751,1,1,9070,1,2,10
3752,1,2,9773,1,9,4
3753,43,4,9500,1,9,9
3754,39,1,9085,1,7,90
3755,18,4,9500,1,3,4
3756,39,1,8014,0,9,9
3757,1,2,9500,1,4,3
3758,44,1,9085,1,4,3
3759,17,1,9991,0,6,7
3760,2,1,9147,1,9,9
3761,7,1,9238,1,4,10
3762,1,1,9085,1,5,7
3763,1,1,9238,1,4,9
3764,17,1,9238,1,3,7
3765,1,1,9500,1,6,6
3766,18,3,9070,1,9,7
3767,17,1,9773,1,9,8
3768,1,3,9853,1,2,2
3769,1,3,9773,1,4,4
3770,44,1,9130,1,4,8
3771,44,1,9003,1,4,3
3772,1,4,9238,1,9,7
3773,39,1,9085,1,9,9
3774,1,1,9238,1,4,7
3775,1,1,9085,1,4,9
3776,44,1,9003,1,2,6
3777,1,1,9070,1,7,3
3778,44,1,9085,1,4,4
3779,43,1,9556,1,3,2
3780,18,1,9500,1,1,1
3781,1,3,9070,1,4,7
3782,17,2,9853,1,5,5
3783,1,2,9500,1,4,4
3784,7,1,8014,0,9,3
3785,44,1,9003,1,4,9
3786,17,2,171,1,2,3
3787,1,1,9238,1,9,8
3788,44,1,9003,1,4,6
3789,17,1,9238,1,4,2
3790,1,2,9500,1,4,7
3791,44,1,9130,1,3,6
3792,18,1,9119,1,90,3
3793,17,1,9773,1,5,7
3794,17,1,9119,1,7,9
3795,1,3,9119,1,2,7
3796,1,1,9254,1,4,4
3797,43,2,9670,1,1,7
3798,1,1,9670,1,9,9
3799,39,1,9085,1,5,3
3800,17,1,9853,1,0,3
3801,18,1,9500,1,6,6
3802,43,1,8014,0,9,9
3803,43,1,8014,0,0,0
3804,1,1,9147,1,5,5
3805,43,1,9991,0,9,9
3806,1,3,9070,1,5,7
3807,39,1,8014,0,0,0
3808,27,1,9070,1,0,0
3809,39,1,8014,0,0,0
3810,43,1,9500,1,9,7
3811,39,1,8014,0,9,8
3812,43,1,9238,1,9,6
3813,7,1,8014,0,9,4
3814,43,1,9238,1,90,90
3815,1,3,9500,1,3,2
3816,1,1,9238,1,9,9
3817,17,1,9003,1,5,9
3818,17,1,9238,1,6,6
3819,39,1,9254,1,3,5
3820,44,1,9003,1,4,2
3821,39,1,9003,1,5,6
3822,17,6,9773,1,5,5
3823,44,1,9130,1,9,9
3824,1,1,9119,1,4,3
3825,1,1,171,1,7,8
3826,39,1,9254,1,9,4
3827,44,1,9003,1,9,6
3828,1,1,9119,1,4,10
3829,1,1,9085,1,4,9
3830,1,3,9500,1,4,4
3831,17,1,9670,1,9,9
3832,43,1,9070,1,9,9
3833,1,1,9238,1,8,10
3834,1,1,9773,1,4,4
3835,39,1,9003,1,1,4
3836,43,1,9773,1,9,3
3837,17,1,9147,1,1,9
3838,1,1,9147,1,9,8
3839,1,2,171,1,9,9
3840,1,1,9254,1,9,9
3841,1,1,9238,1,7,7
3842,39,1,9003,1,2,8
3843,16,2,9147,1,9,9
3844,1,1,9130,1,4,5
3845,39,1,9085,1,99,99
3846,43,1,9773,1,9,5
3847,17,1,9773,1,3,3
3848,39,1,9003,1,6,6
3849,1,3,9773,1,9,7
3850,43,1,9991,0,9,9
3851,39,1,9773,1,4,9
3852,43,1,9003,1,5,9
3853,1,1,9003,1,9,9
3854,39,1,9238,1,0,4
3855,1,4,9773,1,2,9
3856,39,1,9254,1,9,9
3857,39,1,9991,0,9,10
3858,1,1,9670,1,0,2
3859,43,1,9991,0,3,10
3860,39,1,9003,1,9,7
3861,18,1,9773,1,6,7
3862,1,1,9773,1,9,9
3863,1,2,9238,1,9,7
3864,43,1,9085,1,4,6
3865,17,2,9773,1,4,5
3866,1,1,9500,1,7,7
3867,17,1,9500,1,4,9
3868,44,1,9003,1,3,10
3869,39,1,9085,1,4,4
3870,17,1,9670,1,4,5
3871,1,1,9147,1,9,9
3872,43,2,9500,1,4,10
3873,1,2,9070,1,3,3
3874,39,1,9130,1,90,1
3875,43,1,9500,1,0,0
3876,17,1,9500,1,4,10
3877,18,2,9500,1,4,3
3878,43,4,9500,1,5,9
3879,39,1,9991,0,9,9
3880,17,5,9773,1,7,3
3881,1,2,9254,1,5,7
3882,1,1,9670,1,9,9
3883,1,1,9238,1,9,9
3884,7,1,9500,1,9,5
3885,18,1,9238,1,9,7
3886,1,1,9254,1,7,8
3887,1,1,9238,1,9,9
3888,17,1,9085,1,5,3
3889,1,2,9556,1,3,8
3890,18,1,9853,1,141,182
3891,1,4,9670,1,9,9
3892,1,3,9147,1,5,7
3893,39,1,9085,1,90,90
3894,1,6,9500,1,9,6
3895,1,1,9500,1,9,7
3896,17,5,9070,1,5,5
3897,17,1,9500,1,9,6
3898,39,1,9254,1,4,7
3899,7,1,9147,1,9,9
3900,1,3,9500,1,9,9
3901,17,3,9254,1,9,6
3902,39,1,9147,1,6,10
3903,39,1,9147,1,4,7
3904,18,6,9500,1,9,5
3905,39,1,9254,1,9,8
3906,1,2,9500,1,9,9
3907,1,1,9238,1,1,5
3908,39,1,9238,1,9,7
3909,39,1,9119,1,90,90
3910,17,1,9773,1,4,4
3911,44,1,8014,0,9,10
3912,1,4,9254,1,9,6
3913,1,2,9670,1,0,5
3914,43,1,9991,0,9,4
3915,1,1,9147,1,9,6
3916,17,1,8014,0,6,6
3917,1,1,9853,1,9,7
3918,1,1,9670,1,10,6
3919,17,1,9500,1,4,3
3920,1,5,9238,1,9,5
3921,17,4,9500,1,5,7
3922,1,1,9238,1,5,5
3923,39,1,8014,0,5,5
3924,1,1,171,1,5,4
3925,43,1,9147,1,9,10
3926,17,5,9500,1,4,3
3927,1,2,9773,1,5,3
3928,1,6,171,1,5,5
3929,39,1,9003,1,9,6
3930,1,1,9773,1,5,9
3931,1,1,9130,1,4,9
3932,7,1,9991,0,7,3
3933,1,1,9147,1,9,9
3934,18,3,9670,1,9,9
3935,1,1,9254,1,5,5
3936,1,1,9130,1,9,9
3937,1,3,9254,1,9,9
3938,1,2,9500,1,5,5
3939,1,5,9500,1,5,10
3940,39,1,9147,1,5,5
3941,39,1,9853,1,9,4
3942,17,3,9238,1,2,2
3943,39,1,9147,1,4,8
3944,39,1,9003,1,4,8
3945,17,1,9773,1,9,8
3946,17,2,171,1,2,6
3947,17,4,9556,1,3,7
3948,39,1,9670,1,9,4
3949,43,1,9147,1,9,10
3950,18,1,9085,1,9,9
3951,7,1,9147,1,1,7
3952,1,6,9500,1,9,4
3953,1,1,9085,1,90,90
3954,1,1,9773,1,2,1
3955,39,1,9500,1,4,10
3956,1,3,9147,1,9,10
3957,17,1,9085,1,7,9
3958,17,4,9500,1,3,10
3959,1,1,9085,1,4,4
3960,39,1,9085,1,9,9
3961,42,1,9500,1,9,4
3962,17,3,9500,1,4,3
3963,1,1,171,1,5,5
3964,17,1,9238,1,4,5
3965,1,3,9500,1,5,5
3966,44,1,9003,1,9,4
3967,1,1,9500,1,9,9
3968,44,1,9085,1,2,4
3969,44,1,9991,0,9,9
3970,1,1,9070,1,3,3
3971,1,1,9500,1,5,3
3972,39,1,9991,0,9,9
3973,43,3,9500,1,9,7
3974,43,1,9085,1,7,7
3975,17,4,9500,1,5,5
3976,1,4,9500,1,9,7
3977,17,2,9500,1,9,4
3978,1,1,9853,1,3,7
3979,39,1,9773,1,7,9
3980,17,6,9238,1,4,7
3981,1,2,9085,1,2,2
3982,17,1,9500,1,4,3
3983,17,1,9238,1,9,7
3984,39,1,9003,1,9,6
3985,17,1,9070,1,9,8
3986,1,2,9773,1,9,9
3987,1,2,9500,1,4,3
3988,1,1,9085,1,9,9
3989,43,1,9238,1,9,4
3990,15,1,9853,1,153,135
3991,1,1,9853,1,5,5
3992,17,1,9238,1,152,171
3993,1,3,9773,1,9,9
3994,1,1,171,1,2,4
3995,39,1,9991,0,9,9
3996,1,1,9853,1,9,9
3997,39,2,9556,1,4,6
3998,7,1,9500,1,4,6
3999,17,6,9500,1,4,8
4000,39,1,9119,1,9,9
4001,42,1,9119,1,3,2
4002,39,2,9254,1,9,5
4003,1,1,9500,1,9,9
4004,1,2,9070,1,9,9
4005,39,1,9085,1,90,10
4006,44,1,9003,1,9,9
4007,39,1,9003,1,4,7
4008,18,3,9853,1,5,9
4009,17,5,9254,1,5,9
4010,39,1,9556,1,9,10
4011,5,1,9147,1,5,6
4012,39,2,9670,1,9,9
4013,51,1,9500,1,3,3
4014,17,1,9500,1,7,7
4015,39,1,9991,0,5,5
4016,17,1,9254,1,9,4
4017,39,1,8014,0,9,7
4018,17,2,9254,1,9,8
4019,1,2,9500,1,5,9
4020,1,1,9670,1,1,7
4021,1,1,8014,0,1,7
4022,18,1,9147,1,5,8
4023,7,1,9500,1,4,2
4024,15,1,9556,1,122,144
4025,1,1,9991,0,9,7
4026,39,1,9003,1,9,5
4027,1,6,9500,1,4,9
4028,1,1,9070,1,4,5
4029,7,1,9500,1,2,3
4030,17,1,9130,1,9,7
4031,1,1,171,1,9,8
4032,1,6,9500,1,3,9
4033,1,1,171,1,2,2
4034,39,1,8014,0,0,0
4035,7,1,9130,1,4,8
4036,39,1,9670,1,4,10
4037,17,1,9238,1,9,9
4038,1,3,9085,1,9,9
4039,1,1,9853,1,2,3
4040,1,1,9085,1,2,4
4041,17,1,9238,1,9,4
4042,1,1,9773,1,9,9
4043,17,2,9500,1,3,8
4044,17,1,9238,1,191,193
4045,1,1,9500,1,7,8
4046,1,1,9254,1,9,8
4047,1,1,9500,1,9,10
4048,1,1,9500,1,9,7
4049,53,1,9556,1,4,5
4050,1,1,9130,1,0,0
4051,17,4,9254,1,7,7
4052,1,1,9254,1,9,9
4053,43,1,9070,1,3,2
4054,1,2,9773,1,5,5
4055,39,1,9085,1,2,9
4056,1,2,9085,1,193,101
4057,42,1,9003,1,5,5
4058,1,1,9085,1,9,1
4059,1,3,9773,1,5,5
4060,5,1,9130,1,2,2
4061,43,1,9130,1,2,3
4062,53,1,9085,1,4,7
4063,39,1,9991,0,9,7
4064,17,1,171,1,9,9
4065,43,1,8014,0,5,4
4066,1,1,9556,1,9,9
4067,7,1,8014,0,9,9
4068,1,1,9670,1,5,7
4069,17,2,9238,1,3,3
4070,18,1,9500,1,3,3
4071,1,2,9254,1,4,9
4072,39,1,9238,1,4,6
4073,17,1,9238,1,5,7
4074,18,1,9500,1,4,9
4075,17,3,9085,1,5,7
4076,1,3,9500,1,9,7
4077,1,5,9070,1,5,7
4078,39,1,9991,0,4,8
4079,1,2,9670,1,9,7
4080,1,1,171,1,7,9
4081,1,1,9085,1,9,6
4082,17,3,9254,1,5,5
4083,7,1,9991,0,2,3
4084,39,1,9147,1,9,9
4085,44,1,9130,1,3,3
4086,39,1,8014,0,9,7
4087,39,1,9500,1,5,7
4088,43,1,9991,0,3,10
4089,43,1,8014,0,0,0
4090,39,1,8014,0,0,0
4091,43,1,9991,0,9,8
4092,1,1,9500,1,4,10
4093,1,1,9773,1,7,7
4094,7,1,9238,1,4,5
4095,1,4,9500,1,9,8
4096,39,1,8014,0,9,9
4097,43,1,9991,0,9,9
4098,17,2,9556,1,5,5
4099,18,1,9238,1,4,0
4100,43,1,9556,1,4,8
4101,1,5,9070,1,9,9
4102,17,1,9085,1,9,9
4103,1,2,9147,1,4,9
4104,1,1,9238,1,9,10
4105,1,1,9147,1,9,9
4106,17,4,9773,1,5,7
4107,1,6,9500,1,9,7
4108,17,3,9500,1,4,5
4109,1,2,9238,1,4,5
4110,1,1,9500,1,9,5
4111,1,3,9500,1,9,9
4112,39,1,9500,1,7,7
4113,39,2,9556,1,7,7
4114,17,2,9773,1,2,7
4115,1,3,9070,1,3,3
4116,1,1,9085,1,3,9
4117,1,1,9500,1,9,9
4118,1,1,9085,1,4,3
4119,17,1,9853,1,4,10
4120,17,5,9500,1,5,3
4121,7,1,9085,1,4,4
4122,17,3,9238,1,7,7
4123,1,3,9500,1,9,9
4124,1,1,9085,1,9,5
4125,43,1,9500,1,5,5
4126,1,3,9085,1,9,5
4127,1,1,8014,0,5,2
4128,17,5,9085,1,9,9
4129,1,1,9500,1,7,9
4130,1,5,9500,1,9,5
4131,39,1,9500,1,1,1
4132,44,1,9085,1,2,9
4133,1,1,9254,1,7,7
4134,1,1,9238,1,4,7
4135,1,1,8014,0,9,7
4136,43,1,9500,1,5,5
4137,39,1,9254,1,9,9
4138,17,2,9853,1,5,0
4139,17,1,9238,1,7,7
4140,7,1,9238,1,99,99
4141,7,1,9070,1,2,2
4142,43,1,8014,0,0,99
4143,39,1,9556,1,9,8
4144,43,1,9556,1,7,8
4145,1,1,9238,1,1,3
4146,39,1,9500,1,9,10
4147,39,1,9085,1,9,9
4148,1,1,9147,1,9,9
4149,43,3,9500,1,9,8
4150,1,1,9773,1,0,6
4151,39,1,9003,1,5,5
4152,1,3,9085,1,90,90
4153,1,1,171,1,9,2
4154,1,1,9853,1,6,7
4155,1,5,9085,1,2,3
4156,1,3,9500,1,9,9
4157,1,5,9130,1,2,9
4158,1,2,9500,1,4,7
4159,1,1,9670,1,5,9
4160,44,1,9991,0,7,7
4161,17,2,9254,1,9,9
4162,43,1,9853,1,90,90
4163,17,2,9238,1,9,9
4164,43,3,171,1,7,7
4165,1,6,9500,1,9,9
4166,18,1,9991,0,5,5
4167,17,2,9070,1,4,7
4168,1,2,9773,1,0,5
4169,1,1,9773,1,0,5
4170,18,5,9853,1,7,7
4171,1,1,9238,1,4,7
4172,43,2,9147,1,5,9
4173,1,2,9500,1,7,7
4174,1,1,9238,1,5,6
4175,43,1,9500,1,9,5
4176,1,3,9254,1,7,9
4177,39,1,9085,1,9,9
4178,1,2,9500,1,7,9
4179,17,4,9500,1,4,7
4180,17,1,9853,1,5,7
4181,43,1,9853,1,9,9
4182,39,1,9556,1,2,2
4183,1,1,9085,1,9,10
4184,1,1,9238,1,0,7
4185,1,1,9991,0,9,9
4186,17,2,9085,1,9,7
4187,39,1,8014,0,3,7
4188,1,1,9670,1,7,0
4189,42,1,9254,1,1,1
4190,43,1,9991,0,9,9
4191,44,1,9085,1,3,9
4192,17,2,9853,1,5,6
4193,17,2,9254,1,4,4
4194,1,5,9147,1,9,9
4195,1,5,9254,1,9,7
4196,1,1,9500,1,5,5
4197,17,6,9773,1,4,2
4198,5,1,9853,1,5,8
4199,1,1,9500,1,5,5
4200,1,1,9147,1,191,154
4201,17,1,8014,0,5,6
4202,17,1,171,1,7,3
4203,1,2,9070,1,9,9
4204,1,1,9238,1,0,7
4205,1,3,9500,1,4,9
4206,1,1,9254,1,9,9
4207,1,1,9500,1,7,8
4208,1,1,171,1,4,9
4209,1,1,9147,1,9,9
4210,1,1,9254,1,3,7
4211,1,1,9238,1,5,4
4212,17,2,9773,1,4,8
4213,1,1,9238,1,9,9
4214,1,2,9500,1,5,6
4215,1,1,171,1,5,6
4216,1,6,9773,1,3,3
4217,1,2,9773,1,9,3
4218,17,3,9773,1,5,7
4219,16,4,9238,1,9,9
4220,1,1,9670,1,0,4
4221,1,1,9238,1,9,9
4222,1,1,9238,1,9,9
4223,17,2,9254,1,5,5
4224,43,1,9500,1,5,8
4225,44,1,9238,1,5,0
4226,17,2,8014,0,5,5
4227,1,6,9238,1,7,4
4228,39,1,8014,0,5,4
4229,39,1,9085,1,99,5
4230,43,1,9500,1,2,2
4231,39,1,9991,0,9,5
4232,43,1,9670,1,4,4
4233,1,5,9500,1,9,5
4234,1,2,9147,1,9,5
4235,1,3,9238,1,9,9
4236,43,1,9773,1,9,9
4237,1,4,9500,1,7,7
4238,1,1,9085,1,4,90
4239,39,1,9085,1,3,2
4240,51,1,9085,1,9,4
4241,1,3,9500,1,9,9
4242,17,1,9238,1,3,3
4243,1,1,9070,1,2,2
4244,1,1,171,1,2,5
4245,18,4,9853,1,9,6
4246,43,1,9991,0,3,3
4247,39,2,8014,0,4,7
4248,39,1,9500,1,4,6
4249,43,1,9991,0,9,9
4250,39,1,9500,1,5,7
4251,1,1,9147,1,4,3
4252,1,1,9991,0,9,9
4253,18,2,9853,1,9,4
4254,1,1,9670,1,5,9
4255,7,1,8014,0,2,2
4256,39,1,9500,1,4,8
4257,17,5,9670,1,5,5
4258,1,2,9500,1,7,7
4259,1,1,9773,1,9,10
4260,39,1,9003,1,9,9
4261,43,1,9991,0,9,9
4262,17,1,9147,1,3,7
4263,39,1,9991,0,9,4
4264,44,1,9003,1,9,9
4265,17,5,9773,1,9,5
4266,44,1,171,1,9,9
4267,1,1,9254,1,5,5
4268,1,2,9991,0,4,4
4269,17,2,9070,1,2,4
4270,17,1,9070,1,9,7
4271,17,4,9119,1,1,4
4272,1,1,9500,1,9,9
4273,17,2,9085,1,2,9
4274,1,1,9254,1,9,9
4275,17,1,9119,1,9,2
4276,39,1,9147,1,4,7
4277,17,1,9119,1,90,5
4278,1,3,9773,1,4,7
4279,17,1,9254,1,9,9
4280,39,1,9991,0,9,7
4281,1,1,9085,1,4,9
4282,18,2,9147,1,5,9
4283,39,1,9147,1,7,9
4284,39,2,9556,1,9,8
4285,1,5,9147,1,2,2
4286,1,1,9085,1,9,9
4287,44,1,9085,1,4,4
4288,44,1,9003,1,9,2
4289,1,1,9238,1,7,3
4290,1,1,171,1,4,4
4291,1,1,171,1,4,5
4292,39,1,9500,1,4,6
4293,1,6,9254,1,9,9
4294,39,1,9003,1,7,7
4295,39,1,9003,1,9,6
4296,44,1,9070,1,5,5
4297,1,1,9773,1,9,6
4298,39,1,9991,0,9,9
4299,17,1,9147,1,9,8
4300,44,1,9003,1,6,6
4301,43,1,171,1,9,7
4302,17,6,9147,1,9,9
4303,17,4,9773,1,4,5
4304,1,1,9147,1,7,5
4305,1,5,9147,1,9,9
4306,42,1,9147,1,4,4
4307,39,1,171,1,0,0
4308,44,1,171,1,1,7
4309,1,4,9773,1,9,9
4310,44,1,9085,1,9,4
4311,1,6,9119,1,3,5
4312,7,1,9991,0,3,9
4313,43,1,9853,1,2,5
4314,17,1,9119,1,9,6
4315,1,1,9254,1,4,1
4316,1,3,9070,1,123,123
4317,17,1,9670,1,4,8
4318,1,1,171,1,9,7
4319,17,1,9773,1,9,9
4320,15,1,9147,1,9,7
4321,39,1,9991,0,7,8
4322,1,1,9773,1,3,5
4323,39,1,9991,0,9,6
4324,1,1,9500,1,7,9
4325,7,1,8014,0,3,7
4326,39,1,8014,0,9,8
4327,39,1,9147,1,9,9
4328,43,2,9853,1,4,1
4329,17,1,9238,1,9,5
4330,1,4,9238,1,8,9
4331,17,1,171,1,5,9
4332,1,1,9238,1,9,9
4333,1,2,9238,1,9,8
4334,1,1,9254,1,9,10
4335,1,1,9147,1,4,6
4336,1,2,9773,1,9,7
4337,1,1,9085,1,4,9
4338,1,1,9670,1,9,6
4339,42,1,9500,1,2,6
4340,17,1,9085,1,2,2
4341,17,2,9500,1,5,9
4342,39,1,9670,1,0,0
4343,17,2,9500,1,5,10
4344,17,5,9238,1,9,9
4345,1,1,9773,1,5,10
4346,17,2,9254,1,5,5
4347,17,5,9147,1,4,4
4348,1,1,9500,1,2,9
4349,1,5,9500,1,9,6
4350,44,1,9085,1,4,3
4351,1,3,9070,1,4,8
4352,1,6,9853,1,9,7
4353,1,1,171,1,4,4
4354,39,1,9991,0,9,9
4355,1,2,9085,1,2,5
4356,39,1,9085,1,4,8
4357,39,1,8014,0,7,8
4358,43,1,9254,1,9,9
4359,1,4,9238,1,4,5
4360,17,4,9500,1,4,8
4361,17,1,9500,1,2,3
4362,1,3,9085,1,9,90
4363,17,3,9853,1,0,0
4364,17,1,9238,1,9,9
4365,1,2,171,1,4,9
4366,1,1,9670,1,3,9
4367,17,1,9085,1,1,1
4368,39,1,9991,0,9,9
4369,1,1,9500,1,3,3
4370,1,3,171,1,5,2
4371,1,6,9500,1,3,3
4372,39,1,9003,1,9,9
4373,1,1,9238,1,7,9
4374,7,1,9500,1,4,9
4375,43,1,9991,0,9,9
4376,17,6,9500,1,9,10
4377,43,1,9991,0,9,9
4378,39,1,9853,1,9,9
4379,39,1,9991,0,7,7
4380,7,1,9500,1,7,8
4381,1,2,9238,1,4,8
4382,1,1,9500,1,9,9
4383,39,2,8014,0,9,9
4384,1,1,9238,1,9,7
4385,1,1,9238,1,193,194
4386,17,1,9670,1,8,7
4387,1,1,9991,0,9,9
4388,43,1,9147,1,9,9
4389,1,1,9238,1,9,7
4390,39,1,9085,1,9,9
4391,7,1,9500,1,9,5
4392,1,1,9147,1,4,10
4393,39,1,9991,0,5,7
4394,1,4,9500,1,9,10
4395,17,3,9773,1,99,99
4396,1,2,9773,1,9,10
4397,5,4,9853,1,3,8
4398,39,1,9147,1,7,9
4399,1,1,9254,1,9,9
4400,39,1,9991,0,6,3
4401,7,1,9085,1,90,90
4402,18,2,9853,1,3,9
4403,17,3,9500,1,4,10
4404,39,1,9130,1,8,8
4405,1,4,9500,1,7,7
4406,1,1,9070,1,5,7
4407,1,1,9773,1,4,4
4408,39,1,9773,1,9,9
4409,43,1,9991,0,4,1
4410,1,1,9070,1,9,4
4411,44,1,9130,1,9,3
4412,43,1,9070,1,7,8
4413,43,1,33,1,9,10
4414,1,1,9130,1,3,5
4415,39,1,9500,1,6,6
4416,43,2,9500,1,9,5
4417,1,1,9070,1,9,9
4418,44,1,9070,1,3,9
4419,1,6,9773,1,5,4
4420,1,2,9773,1,9,9
4421,1,1,9500,1,9,9
4422,1,1,9147,1,7,4
4423,10,1,9773,1,5,9
