mean_fit_time,std_fit_time,mean_score_time,std_score_time,param_model__subsample,param_model__scale_pos_weight,param_model__reg_lambda,param_model__n_estimators,param_model__min_child_weight,param_model__max_depth,param_model__learning_rate,param_model__colsample_bytree,params,split0_test_score,split1_test_score,split2_test_score,split3_test_score,split4_test_score,mean_test_score,std_test_score,rank_test_score
0.688547420501709,0.028488272112387303,0.052753019332885745,0.00906264032135622,0.7,1.689097303634232,10,350,3,2,0.05,1.0,"{""model__colsample_bytree"": 1.0, ""model__learning_rate"": 0.05, ""model__max_depth"": 2, ""model__min_child_weight"": 3, ""model__n_estimators"": 350, ""model__reg_lambda"": 10, ""model__scale_pos_weight"": 1.689097303634232, ""model__subsample"": 0.7}",0.8693828804654218,0.832259456964722,0.8288090719393348,0.84094813590122,0.8625940549633617,0.8467987200468121,0.016302048041796524,18
1.0450234413146973,0.050092280701148954,0.06642203330993653,0.008408754378524749,1.0,2.11137162954279,10,500,5,3,0.02,0.7,"{""model__colsample_bytree"": 0.7, ""model__learning_rate"": 0.02, ""model__max_depth"": 3, ""model__min_child_weight"": 5, ""model__n_estimators"": 500, ""model__reg_lambda"": 10, ""model__scale_pos_weight"": 2.11137162954279, ""model__subsample"": 1.0}",0.8707663417919362,0.8350905684126566,0.8277893683648263,0.8404024231502715,0.8568956440704605,0.8461888691580303,0.015581296841857703,20
0.5077249526977539,0.028372083877163994,0.057601404190063474,0.008410101138744219,1.0,1.0,10,250,3,2,0.1,0.7,"{""model__colsample_bytree"": 0.7, ""model__learning_rate"": 0.1, ""model__max_depth"": 2, ""model__min_child_weight"": 3, ""model__n_estimators"": 250, ""model__reg_lambda"": 10, ""model__scale_pos_weight"": 1.0, ""model__subsample"": 1.0}",0.8705277335677374,0.8328664712387523,0.8287736898388149,0.8374544392482262,0.8621058645012444,0.8463456396789552,0.016749168334088346,19
0.6371926307678223,0.02675966765626061,0.0560147762298584,0.007671355832162504,0.7,1.0,5,150,5,5,0.08,0.85,"{""model__colsample_bytree"": 0.85, ""model__learning_rate"": 0.08, ""model__max_depth"": 5, ""model__min_child_weight"": 5, ""model__n_estimators"": 150, ""model__reg_lambda"": 5, ""model__scale_pos_weight"": 1.0, ""model__subsample"": 0.7}",0.8698042357096706,0.834686469136796,0.8186142344231565,0.8387522675916501,0.8652681617566361,0.8454250737235819,0.019322301912403767,21
0.8755616188049317,0.04365967178621519,0.057686138153076175,0.0073888165509600765,0.85,1.689097303634232,5,250,1,4,0.08,0.85,"{""model__colsample_bytree"": 0.85, ""model__learning_rate"": 0.08, ""model__max_depth"": 4, ""model__min_child_weight"": 1, ""model__n_estimators"": 250, ""model__reg_lambda"": 5, ""model__scale_pos_weight"": 1.689097303634232, ""model__subsample"": 0.85}",0.8759347625865805,0.8388116108434405,0.8201983578483563,0.8436993794221366,0.8673312273572031,0.8491950676115435,0.020113475671294984,10
0.9296534061431885,0.00865753617877257,0.06619677543640137,0.01721528857495909,0.85,1.0,1,350,3,4,0.1,0.7,"{""model__colsample_bytree"": 0.7, ""model__learning_rate"": 0.1, ""model__max_depth"": 4, ""model__min_child_weight"": 3, ""model__n_estimators"": 350, ""model__reg_lambda"": 1, ""model__scale_pos_weight"": 1.0, ""model__subsample"": 0.85}",0.8648368516081,0.836007904402222,0.8216628253233317,0.8393430709872891,0.8558702920222521,0.8435441888686389,0.01522201925569404,23
0.7669588088989258,0.03542761626900961,0.07111692428588867,0.010404809246604734,1.0,1.0,1,150,1,5,0.05,1.0,"{""model__colsample_bytree"": 1.0, ""model__learning_rate"": 0.05, ""model__max_depth"": 5, ""model__min_child_weight"": 1, ""model__n_estimators"": 150, ""model__reg_lambda"": 1, ""model__scale_pos_weight"": 1.0, ""model__subsample"": 1.0}",0.8784282573378884,0.8418671540332167,0.8194023174996461,0.8486037614294039,0.863345313480471,0.8503293607561252,0.019950096013206457,8
1.150223731994629,0.02779049672159815,0.06840395927429199,0.019919456668789266,0.85,2.5336459554513477,10,350,1,4,0.08,0.7,"{""model__colsample_bytree"": 0.7, ""model__learning_rate"": 0.08, ""model__max_depth"": 4, ""model__min_child_weight"": 1, ""model__n_estimators"": 350, ""model__reg_lambda"": 10, ""model__scale_pos_weight"": 2.5336459554513477, ""model__subsample"": 0.85}",0.8721060468855412,0.8405610901578512,0.8180108322074271,0.8405145803848302,0.8681057713700893,0.8478596642011478,0.01997981050709887,16
0.5137334823608398,0.023711306321135384,0.06973991394042969,0.018355330483756732,1.0,2.5336459554513477,5,150,3,3,0.02,1.0,"{""model__colsample_bytree"": 1.0, ""model__learning_rate"": 0.02, ""model__max_depth"": 3, ""model__min_child_weight"": 3, ""model__n_estimators"": 150, ""model__reg_lambda"": 5, ""model__scale_pos_weight"": 2.5336459554513477, ""model__subsample"": 1.0}",0.8524583841502161,0.8295541453062374,0.8194156086523825,0.8256246210351248,0.849424392064264,0.835295430241645,0.01321249549614322,30
1.3929498672485352,0.023742795128812725,0.06913948059082031,0.00750648831701717,1.0,2.5336459554513477,5,500,1,4,0.08,0.85,"{""model__colsample_bytree"": 0.85, ""model__learning_rate"": 0.08, ""model__max_depth"": 4, ""model__min_child_weight"": 1, ""model__n_estimators"": 500, ""model__reg_lambda"": 5, ""model__scale_pos_weight"": 2.5336459554513477, ""model__subsample"": 1.0}",0.877432789625056,0.8453863164010191,0.8141901178463706,0.8465386538511855,0.8601426217747137,0.848738099899669,0.02079943949788859,13
0.6542548179626465,0.021427984188607467,0.06836056709289551,0.008525674588023545,0.7,1.689097303634232,1,250,1,3,0.05,1.0,"{""model__colsample_bytree"": 1.0, ""model__learning_rate"": 0.05, ""model__max_depth"": 3, ""model__min_child_weight"": 1, ""model__n_estimators"": 250, ""model__reg_lambda"": 1, ""model__scale_pos_weight"": 1.689097303634232, ""model__subsample"": 0.7}",0.8778392645356488,0.8446337369688871,0.8286698508022492,0.8507287589090986,0.8685595475040532,0.8540862317439875,0.017437305625458168,1
2.0852834224700927,0.050317300674210294,0.08545260429382324,0.004915572791247452,0.7,2.11137162954279,1,500,1,5,0.02,0.85,"{""model__colsample_bytree"": 0.85, ""model__learning_rate"": 0.02, ""model__max_depth"": 5, ""model__min_child_weight"": 1, ""model__n_estimators"": 500, ""model__reg_lambda"": 1, ""model__scale_pos_weight"": 2.11137162954279, ""model__subsample"": 0.7}",0.8768761577249025,0.8469476023734906,0.8233536435435833,0.8487736700269324,0.8734951590844022,0.853889246550662,0.01959371577660346,2
1.2661194801330566,0.03611885237635414,0.06949596405029297,0.003205064459497092,1.0,1.689097303634232,10,350,5,5,0.02,0.7,"{""model__colsample_bytree"": 0.7, ""model__learning_rate"": 0.02, ""model__max_depth"": 5, ""model__min_child_weight"": 5, ""model__n_estimators"": 350, ""model__reg_lambda"": 10, ""model__scale_pos_weight"": 1.689097303634232, ""model__subsample"": 1.0}",0.8709066121372455,0.8333614124696478,0.8244669387518793,0.840761912539381,0.864662200529648,0.8468318152855602,0.017977773249990163,17
0.7275537967681884,0.009071539392312991,0.06982336044311524,0.0048839709106412365,0.85,1.0,5,250,5,3,0.02,0.7,"{""model__colsample_bytree"": 0.7, ""model__learning_rate"": 0.02, ""model__max_depth"": 3, ""model__min_child_weight"": 5, ""model__n_estimators"": 250, ""model__reg_lambda"": 5, ""model__scale_pos_weight"": 1.0, ""model__subsample"": 0.85}",0.8586568096966778,0.8316005768273751,0.8272848204430676,0.8366693488545224,0.8583669061266181,0.8425156923896522,0.013394742144408861,24
1.2505694389343263,0.02801157803764583,0.05685281753540039,0.014183919475087129,0.7,2.5336459554513477,5,500,3,3,0.05,0.7,"{""model__colsample_bytree"": 0.7, ""model__learning_rate"": 0.05, ""model__max_depth"": 3, ""model__min_child_weight"": 3, ""model__n_estimators"": 500, ""model__reg_lambda"": 5, ""model__scale_pos_weight"": 2.5336459554513477, ""model__subsample"": 0.7}",0.8797019161995688,0.8400202029669075,0.8268049977572108,0.845163283652133,0.8652599760173995,0.8513900753186439,0.018795783835289986,4
0.9792722702026367,0.05655037128327534,0.04719705581665039,0.00846522635908277,0.85,2.11137162954279,5,500,1,2,0.1,0.7,"{""model__colsample_bytree"": 0.7, ""model__learning_rate"": 0.1, ""model__max_depth"": 2, ""model__min_child_weight"": 1, ""model__n_estimators"": 500, ""model__reg_lambda"": 5, ""model__scale_pos_weight"": 2.11137162954279, ""model__subsample"": 0.85}",0.8792474393762043,0.841338625151258,0.8298140103625591,0.8491236189276048,0.8644985453929641,0.8528044478421182,0.01737560085739845,3
0.46773538589477537,0.014731105690815805,0.04881582260131836,0.004001325962267528,1.0,2.5336459554513477,1,150,5,5,0.08,0.7,"{""model__colsample_bytree"": 0.7, ""model__learning_rate"": 0.08, ""model__max_depth"": 5, ""model__min_child_weight"": 5, ""model__n_estimators"": 150, ""model__reg_lambda"": 1, ""model__scale_pos_weight"": 2.5336459554513477, ""model__subsample"": 1.0}",0.8735914459845789,0.8384574742769884,0.8267426040046304,0.8450735937268634,0.8691710596222757,0.8506072355230673,0.018003599768388542,7
0.8208549499511719,0.01594417471035255,0.05904364585876465,0.01048411617570815,0.7,1.0,5,350,5,4,0.1,0.7,"{""model__colsample_bytree"": 0.7, ""model__learning_rate"": 0.1, ""model__max_depth"": 4, ""model__min_child_weight"": 5, ""model__n_estimators"": 350, ""model__reg_lambda"": 5, ""model__scale_pos_weight"": 1.0, ""model__subsample"": 0.7}",0.8727588215197073,0.8240255287971696,0.8108262702154491,0.8383245587888962,0.863169882805383,0.841821012425321,0.023248659179889358,25
0.3312124252319336,0.0027276067474332898,0.051473140716552734,0.01020418755727795,0.7,1.0,1,150,5,2,0.08,1.0,"{""model__colsample_bytree"": 1.0, ""model__learning_rate"": 0.08, ""model__max_depth"": 2, ""model__min_child_weight"": 5, ""model__n_estimators"": 150, ""model__reg_lambda"": 1, ""model__scale_pos_weight"": 1.0, ""model__subsample"": 0.7}",0.8669528790859481,0.8381458505118033,0.8265080722888083,0.8460762378570122,0.8624056552205907,0.8480177389928325,0.015029577733811252,15
0.5373504161834717,0.005815156596633784,0.04370713233947754,0.002056902653573215,1.0,1.689097303634232,1,250,5,3,0.1,1.0,"{""model__colsample_bytree"": 1.0, ""model__learning_rate"": 0.1, ""model__max_depth"": 3, ""model__min_child_weight"": 5, ""model__n_estimators"": 250, ""model__reg_lambda"": 1, ""model__scale_pos_weight"": 1.689097303634232, ""model__subsample"": 1.0}",0.8735285246974648,0.8405204161669066,0.8246031875031438,0.8416581818364922,0.865129889642741,0.8490880399693497,0.0177920948990014,11
0.6482444763183594,0.007911817440351434,0.045357465744018555,0.0058854254751498514,0.7,1.0,10,250,5,4,0.1,0.7,"{""model__colsample_bytree"": 0.7, ""model__learning_rate"": 0.1, ""model__max_depth"": 4, ""model__min_child_weight"": 5, ""model__n_estimators"": 250, ""model__reg_lambda"": 10, ""model__scale_pos_weight"": 1.0, ""model__subsample"": 0.7}",0.8723262575305282,0.8232661419050813,0.8220733553656517,0.8401661673011749,0.8673301519417653,0.8450324148088402,0.021291840424011714,22
0.3504655361175537,0.01141198320968885,0.04207525253295898,0.004934766803276419,1.0,1.0,10,150,1,2,0.05,0.85,"{""model__colsample_bytree"": 0.85, ""model__learning_rate"": 0.05, ""model__max_depth"": 2, ""model__min_child_weight"": 1, ""model__n_estimators"": 150, ""model__reg_lambda"": 10, ""model__scale_pos_weight"": 1.0, ""model__subsample"": 1.0}",0.8548817024182426,0.829024954986995,0.823778861032034,0.830988723760437,0.8526800786279154,0.8382708641651249,0.012900232316662045,26
1.0589248180389403,0.007499409473832022,0.047465848922729495,0.0032186862427916623,0.7,2.11137162954279,1,350,5,5,0.08,1.0,"{""model__colsample_bytree"": 1.0, ""model__learning_rate"": 0.08, ""model__max_depth"": 5, ""model__min_child_weight"": 5, ""model__n_estimators"": 350, ""model__reg_lambda"": 1, ""model__scale_pos_weight"": 2.11137162954279, ""model__subsample"": 0.7}",0.8599933902841321,0.8246794370634253,0.8042731678167034,0.8325214504286114,0.8593070569375193,0.8361549005060782,0.021286751947115636,29
1.186453151702881,0.0159705340950088,0.05178608894348145,0.004126467219636406,1.0,2.5336459554513477,10,500,3,4,0.08,1.0,"{""model__colsample_bytree"": 1.0, ""model__learning_rate"": 0.08, ""model__max_depth"": 4, ""model__min_child_weight"": 3, ""model__n_estimators"": 500, ""model__reg_lambda"": 10, ""model__scale_pos_weight"": 2.5336459554513477, ""model__subsample"": 1.0}",0.8773982866697858,0.8432492816153303,0.8206195376426635,0.8403418112716495,0.862169927463246,0.8487557689325351,0.019458145177311377,12
0.44443750381469727,0.00519066328575336,0.04235224723815918,0.005841765905747043,1.0,2.5336459554513477,1,150,3,4,0.05,0.7,"{""model__colsample_bytree"": 0.7, ""model__learning_rate"": 0.05, ""model__max_depth"": 4, ""model__min_child_weight"": 3, ""model__n_estimators"": 150, ""model__reg_lambda"": 1, ""model__scale_pos_weight"": 2.5336459554513477, ""model__subsample"": 1.0}",0.8729843471057339,0.840566463214018,0.8239516222114036,0.8401800388675439,0.863077759607818,0.8481520462013036,0.017585076516063364,14
0.45268945693969725,0.009381474030237825,0.04686298370361328,0.004438286850762493,0.7,2.5336459554513477,1,250,3,2,0.02,0.7,"{""model__colsample_bytree"": 0.7, ""model__learning_rate"": 0.02, ""model__max_depth"": 2, ""model__min_child_weight"": 3, ""model__n_estimators"": 250, ""model__reg_lambda"": 1, ""model__scale_pos_weight"": 2.5336459554513477, ""model__subsample"": 0.7}",0.858097515324483,0.8248618735362362,0.825499962699345,0.8335235352472239,0.8475654960283491,0.8379096765671274,0.012994368634543386,28
0.723461103439331,0.01589726214996415,0.03848719596862793,0.0052978138038873475,1.0,1.0,1,500,1,2,0.1,1.0,"{""model__colsample_bytree"": 1.0, ""model__learning_rate"": 0.1, ""model__max_depth"": 2, ""model__min_child_weight"": 1, ""model__n_estimators"": 500, ""model__reg_lambda"": 1, ""model__scale_pos_weight"": 1.0, ""model__subsample"": 1.0}",0.8787040996224716,0.8438003040312385,0.8258115762972142,0.84520630605099,0.8621626591666282,0.8511369890337086,0.01795487379980051,6
0.9690936088562012,0.021974881497119056,0.035276603698730466,0.0010342854227995192,1.0,1.689097303634232,5,500,5,4,0.05,0.7,"{""model__colsample_bytree"": 0.7, ""model__learning_rate"": 0.05, ""model__max_depth"": 4, ""model__min_child_weight"": 5, ""model__n_estimators"": 500, ""model__reg_lambda"": 5, ""model__scale_pos_weight"": 1.689097303634232, ""model__subsample"": 1.0}",0.8773857128575399,0.8394783203194662,0.8271353500601388,0.8467285789809796,0.8655184210049832,0.8512492766446217,0.018039929901113156,5
0.30181164741516114,0.009481444719727599,0.04878420829772949,0.0036852035695642852,0.7,1.689097303634232,10,150,3,2,0.05,0.7,"{""model__colsample_bytree"": 0.7, ""model__learning_rate"": 0.05, ""model__max_depth"": 2, ""model__min_child_weight"": 3, ""model__n_estimators"": 150, ""model__reg_lambda"": 10, ""model__scale_pos_weight"": 1.689097303634232, ""model__subsample"": 0.7}",0.8520713731989286,0.8284040377080453,0.825574664878328,0.8323183121359643,0.8528458708526869,0.8382428517547906,0.011805605129623501,27
0.8383265972137451,0.04995479665081672,0.024041509628295897,0.0004833305408211975,0.85,2.11137162954279,1,500,5,4,0.02,0.7,"{""model__colsample_bytree"": 0.7, ""model__learning_rate"": 0.02, ""model__max_depth"": 4, ""model__min_child_weight"": 5, ""model__n_estimators"": 500, ""model__reg_lambda"": 1, ""model__scale_pos_weight"": 2.11137162954279, ""model__subsample"": 0.85}",0.8737413609033632,0.8381368171417491,0.8280021894882889,0.8439335483331378,0.8639043741183772,0.8495436579969832,0.016836764580600235,9
